dataset,table,rows,mb,last_modified,date_min,date_max
bronze,_dlt_loads,36787,3.3,2026-07-16 10:52:44,,
bronze,_dlt_pipeline_state,67,0.0,2026-07-16 06:01:42,,
bronze,_dlt_version,29,0.6,2026-07-13 08:45:26,,
bronze,ascend_calls,4284,1.6,2026-07-16 10:52:18,2026-07-01,2026-07-16
bronze,ascend_transcripts,39,0.2,2026-07-04 23:27:17,ERR: 400 Unrecognized name: call_start; Did you mean call_time? a,
bronze,bing_adsaccount_performance_report_daily,32862,14.3,2026-07-16 09:18:36,2025-01-01,2026-07-16
bronze,bing_adsaccounts,1,0.0,2026-07-16 09:19:31,,
bronze,bing_adsad_group_labels,0,0.0,2026-05-20 14:39:54,,
bronze,bing_adsad_group_performance_report_daily,51219,32.1,2026-07-16 09:19:30,,
bronze,bing_adsad_groups,127,0.0,2026-07-16 09:18:40,,
bronze,bing_adsad_performance_report_daily,71489,41.6,2026-07-16 09:18:41,,
bronze,bing_adsads,185,0.3,2026-07-16 09:18:53,,
bronze,bing_adscampaign_labels,374,0.0,2026-07-16 09:18:59,,
bronze,bing_adscampaign_performance_report_daily,47966,29.7,2026-07-16 09:19:15,2025-01-01,2026-07-16
bronze,bing_adscampaigns,20,0.0,2026-07-16 09:19:12,,
bronze,bing_adskeyword_labels,0,0.0,2026-05-20 14:39:52,,
bronze,bing_adskeyword_performance_report_daily,179371,172.5,2026-07-16 09:19:09,,
bronze,bing_adskeywords,85123,27.5,2026-07-16 09:18:51,,
bronze,ga4_api_demographics_daily,10976,0.7,2026-07-16 09:00:42,,
bronze,ga4_api_events_daily,168566,15.0,2026-07-16 09:00:42,,
bronze,ga4_api_geographic_daily,456447,42.9,2026-07-16 09:00:43,"ERR: 400 Invalid timestamp: '20260709'; reason: invalidQuery, loc",
bronze,ga4_api_landing_pages_daily,497000,104.1,2026-07-16 09:00:43,,
bronze,ga4_api_pages_daily,99651,9.6,2026-07-16 09:00:42,,
bronze,ga4_api_sessions_daily,71809,9.1,2026-07-16 09:00:41,,
bronze,ga4_api_temporal_daily,84207,6.3,2026-07-16 09:00:43,"ERR: 400 Invalid timestamp: '20260618'; reason: invalidQuery, loc",
bronze,google_ads_api_campaign_daily,53025,9.4,2026-07-16 09:00:31,2020-01-02,2026-07-16
bronze,google_ads_api_geo_target_constants,7639,0.8,2026-07-16 09:00:28,,
bronze,meta_api_campaign_daily,11057,2.6,2026-07-16 09:00:31,2023-06-24,2026-07-16
bronze,meta_api_geographic_daily,765,0.1,2026-07-16 09:00:32,2026-06-04,2026-07-16
bronze,sharpspring_campaigns,66,0.0,2026-07-16 10:19:31,,
bronze,sharpspring_deal_stages,9,0.0,2026-07-16 10:19:31,,
bronze,sharpspring_fields,276,0.0,2026-07-16 10:19:31,,
bronze,sharpspring_fields__options,308,0.0,2026-07-16 10:19:31,,
bronze,sharpspring_leads,58886,56.4,2026-07-16 10:19:55,2018-04-27,2026-07-16
bronze,sharpspring_notes,169676,62.7,2026-07-16 04:49:37,2018-05-31,2026-07-15
bronze,sharpspring_opportunities,6452,1.3,2026-07-16 10:19:32,2018-04-27,2026-07-16
bronze,unleashed_customers,10803,5.8,2026-07-16 06:01:51,,
bronze,unleashed_customers__addresses,13650,2.5,2026-07-16 06:01:52,,
bronze,unleashed_products,887,0.7,2026-07-16 06:01:56,,
bronze,unleashed_products__images,272,0.1,2026-07-16 06:01:58,,
bronze,unleashed_products__inventory_details,1746,0.2,2026-07-16 06:01:57,,
bronze,unleashed_purchase_orders,1000,1.0,2026-07-16 06:01:50,2025-01-03,2026-07-13
bronze,unleashed_purchase_orders__purchase_order_lines,4431,2.1,2026-07-16 06:01:55,,
bronze,unleashed_sales_orders,3381,3.9,2026-07-16 06:01:52,2024-03-20,2026-07-15
bronze,unleashed_sales_orders__sales_order_lines,16902,7.2,2026-07-16 06:01:53,,
bronze,unleashed_stock_on_hand,738,0.2,2026-07-16 06:01:41,,
bronze,wildix_call_history,14,0.0,2026-07-16 10:52:43,ERR: 400 Unrecognized name: start_time at [1:34]; reason: invalid,
bronze,wildix_call_history__attachments__recordings,6,0.0,2026-07-16 10:52:43,,
bronze,wildix_calls,149092,134.5,2026-07-10 14:47:27,NaT,NaT
bronze,wildix_colleagues,14,0.0,2026-07-16 10:52:43,,
bronze,wildix_contacts,100,0.0,2026-07-16 10:52:43,,
bronze,wildix_departments,7,0.0,2026-07-16 10:52:43,,
bronze,wildix_departments__users,28,0.0,2026-07-16 10:52:43,,
bronze,wildix_groups,4,0.0,2026-07-16 10:52:43,,
bronze,wildix_transcripts,183,0.9,2026-06-17 14:32:35,,
silver,campaign_platform_mapping,3,0.0,2026-07-16 10:09:21,,
silver,domain_city_mapping,158,0.0,2026-07-16 10:09:23,,
silver,postcode_area_region,121,0.0,2026-07-16 10:09:22,,
silver,sales_rep_mapping,11,0.0,2026-07-16 10:20:11,,
silver,silver_bing_spend,562,0.0,2026-07-16 10:20:04,,
silver,silver_google_ads_spend,21736,2.8,2026-07-16 10:20:04,,
silver,silver_meta_geographic,745,0.1,2026-07-16 10:09:16,,
silver,silver_meta_spend,11057,1.8,2026-07-16 10:20:04,,
silver,silver_sharpspring_campaigns,66,0.0,2026-07-16 10:20:04,,
silver,silver_sharpspring_deal_stages,9,0.0,2026-07-16 10:20:06,,
silver,silver_sharpspring_leads,58886,47.4,2026-07-16 10:20:09,,
silver,silver_sharpspring_notes,169676,52.9,2026-07-16 10:20:08,,
silver,silver_sharpspring_opportunities,6452,1.2,2026-07-16 10:20:07,,
silver,silver_unleashed_customers,10803,3.0,2026-07-16 10:09:19,,
silver,silver_unleashed_products,887,0.3,2026-07-16 10:09:18,,
silver,silver_unleashed_sales_orders,3381,1.8,2026-07-16 10:09:20,,
silver,silver_unleashed_stock_on_hand,738,0.2,2026-07-16 10:09:19,,
silver,silver_wildix_calls,149092,83.5,2026-07-16 10:52:52,,
silver,silver_wildix_colleagues,14,0.0,2026-07-16 10:52:50,,
gold,gold_agent_performance_daily,6899,1.0,2026-07-16 10:52:55,,
gold,gold_campaign_attribution,3678,0.2,2026-07-16 10:20:29,,
gold,gold_google_ads_spend_by_region,6226,0.4,2026-07-16 10:09:27,,
gold,gold_lead_activity,58704,14.9,2026-07-16 10:52:56,,
gold,gold_lead_calls,117230,35.9,2026-07-16 10:51:12,,
gold,gold_leads_by_region,26551,2.0,2026-07-16 10:09:38,,
gold,gold_pipeline_opportunities,6359,1.5,2026-07-16 10:20:19,,
gold,gold_sales_exceptions,0,0.0,2026-07-16 10:20:27,,
gold,gold_sales_orders,3381,0.8,2026-07-16 10:09:36,,
gold,gold_sales_reconciled,2385,0.2,2026-07-16 10:20:19,,
app,bookings,112,0.0,2026-07-16 09:05:34,,
app,reps,17,0.0,2026-07-16 08:51:23,,
app,users,8,0.0,2026-06-30 10:28:34,,
cms_ingestion,form_15_church_guide_download_form,1,0.0,2026-06-24 12:04:39,,
cms_ingestion,form_19_zebra_guide_download_form,3,0.0,2026-07-08 15:39:45,,
cms_ingestion,form_1_byc_form,66,0.0,2026-07-15 07:03:48,,
cms_ingestion,form_22_trustcare_package_form,7,0.0,2026-07-15 12:34:53,,
cms_ingestion,form_32_wc26_byc_form,19,0.0,2026-07-14 23:56:06,,
cms_ingestion,form_6_landing_form_four,1,0.0,2026-06-16 17:11:55,,
cms_ingestion,form_9_guide_download_form,59,0.0,2026-07-08 10:46:32,,
shared_marketing,bing_adsaccount_performance_report_daily,0,0.0,2026-07-15 08:58:52,,
shared_marketing,bing_adsaccounts,0,0.0,2026-07-15 08:59:02,,
shared_marketing,bing_adsad_group_labels,0,0.0,2026-07-15 08:59:13,,
shared_marketing,bing_adsad_group_performance_report_daily,0,0.0,2026-07-15 08:59:23,,
shared_marketing,bing_adsad_groups,0,0.0,2026-07-15 08:59:33,,
shared_marketing,bing_adsad_performance_report_daily,0,0.0,2026-07-15 08:59:43,,
shared_marketing,bing_adsads,0,0.0,2026-07-15 08:59:53,,
shared_marketing,bing_adscampaign_labels,0,0.0,2026-07-15 09:00:03,,
shared_marketing,bing_adscampaign_performance_report_daily,0,0.0,2026-07-15 09:00:13,,
shared_marketing,bing_adscampaigns,0,0.0,2026-07-15 09:00:23,,
shared_marketing,bing_adskeyword_labels,0,0.0,2026-07-15 09:00:33,,
shared_marketing,bing_adskeyword_performance_report_daily,0,0.0,2026-07-15 09:00:43,,
shared_marketing,bing_adskeywords,0,0.0,2026-07-15 09:00:53,,
shared_marketing,google_ads_api_campaign_daily,0,0.0,2026-07-15 08:58:11,,
shared_marketing,google_ads_api_geo_target_constants,0,0.0,2026-07-15 08:58:22,,
shared_marketing,leads_per_day,0,0.0,2026-07-15 09:03:12,,
shared_marketing,meta_api_campaign_daily,0,0.0,2026-07-15 08:58:32,,
shared_marketing,meta_api_geographic_daily,0,0.0,2026-07-15 08:58:42,,
shared_marketing,sharpspring_campaigns,0,0.0,2026-07-15 09:01:03,,
shared_marketing,sharpspring_leads,0,0.0,2026-07-15 09:03:02,,
shared_marketing,spend_per_day,0,0.0,2026-07-15 09:03:22,,
bronze_staging,_dlt_version,17,0.3,2026-07-13 08:45:39,,
bronze_staging,ascend_calls,127,0.0,2026-07-16 10:52:14,,
bronze_staging,ga4_api_demographics_daily,64,0.0,2026-07-16 09:00:38,,
bronze_staging,ga4_api_events_daily,2218,0.2,2026-07-16 09:00:38,,
bronze_staging,ga4_api_geographic_daily,3271,0.3,2026-07-16 09:00:38,,
bronze_staging,ga4_api_landing_pages_daily,4036,1.0,2026-07-16 09:00:39,,
bronze_staging,ga4_api_pages_daily,323,0.0,2026-07-16 09:00:38,,
bronze_staging,ga4_api_sessions_daily,418,0.1,2026-07-16 09:00:38,,
bronze_staging,ga4_api_temporal_daily,403,0.0,2026-07-16 09:00:38,,
bronze_staging,google_ads_api_campaign_daily,357,0.1,2026-07-16 09:00:27,,
bronze_staging,meta_api_campaign_daily,73,0.0,2026-07-16 09:00:28,,
bronze_staging,meta_api_geographic_daily,131,0.0,2026-07-16 09:00:27,,
bronze_staging,sharpspring_leads,58705,56.2,2026-07-16 10:19:47,,
bronze_staging,sharpspring_notes,32219,10.0,2026-07-16 04:49:32,,
bronze_staging,unleashed_customers,18,0.0,2026-07-16 06:01:41,,
bronze_staging,unleashed_customers__addresses,38,0.0,2026-07-16 06:01:41,,
bronze_staging,unleashed_products,52,0.0,2026-07-16 06:01:41,,
bronze_staging,unleashed_products__images,6,0.0,2026-07-16 06:01:41,,
bronze_staging,unleashed_products__inventory_details,104,0.0,2026-07-16 06:01:41,,
bronze_staging,unleashed_purchase_orders,15,0.0,2026-07-16 06:01:41,,
bronze_staging,unleashed_purchase_orders__purchase_order_lines,122,0.1,2026-07-16 06:01:41,,
bronze_staging,unleashed_sales_orders,55,0.1,2026-07-16 06:01:41,,
bronze_staging,unleashed_sales_orders__sales_order_lines,274,0.1,2026-07-16 06:01:41,,
bronze_staging,wildix_calls,1,0.0,2026-07-10 14:47:24,,
