month,rep,amount
2024-08,Traie,5240.0
2024-08,Kris,5184.0
2024-08,CHC,665.0
2024-08,Trustcare,14.99
2024-08,Trustcare,14.99
2024-08,SamC,2436.0
2024-08,SamC,2955.5
2024-08,Trustcare,14.99
2024-08,Trustcare,14.99
2024-08,Trustcare,14.99
2024-08,Gavin,2320.0
2024-08,Trustcare,14.99
2024-08,Trustcare,14.99
2024-08,SamC,3100.0
2024-08,Kris,2515.0
2024-08,Niall,3050.0
2024-08,Gavin,3906.0
2024-08,Shane,3253.5
2024-08,Traie,4940.0
2024-08,Trustcare,14.99
2024-08,Kelly,7168.34
2024-08,Commercial,3326.0
2024-08,Trustcare,14.99
2024-08,Shane,3455.0
2024-08,Kris,5545.0
2024-08,Trustcare,14.99
2024-08,Trustcare,14.99
2024-08,Trustcare,14.99
2024-08,Trustcare,14.99
2024-08,Niall,3929.5
2024-08,SamC,4570.0
2024-08,Traie,4910.0
2024-08,Shane,3265.0
2024-08,Shane,4410.0
2024-08,Shane,4860.0
2024-08,Trustcare,14.99
2024-08,Niall,8450.0
2024-08,Trustcare,14.99
2024-08,Trustcare,14.99
2024-08,Trustcare,14.99
2024-08,Gavin,3305.0
2024-08,Gavin,1965.5
2024-08,Trustcare,14.99
2024-08,Trustcare,14.99
2024-08,Shane,4290.0
2024-08,Shane,2515.0
2024-08,Shane,3205.0
2024-08,Kelly,4040.0
2024-08,Gavin,4266.0
2024-08,Gavin,4215.0
2024-08,Trustcare,14.99
2024-08,Trustcare,14.99
2024-08,Kris,5495.0
2024-08,Shane,3175.0
2024-08,Niall,5345.0
2024-08,Kris,2340.0
2024-08,Rob,2602.0
2024-08,Niall,3989.0
2024-08,Trustcare,14.99
2024-08,Trustcare,14.99
2024-08,Office,3530.0
2024-08,Trustcare,14.99
2024-08,Trustcare,14.99
2024-08,Trustcare,14.99
2024-08,SamC,1360.0
2024-08,Trustcare,14.99
2024-08,Trustcare,14.99
2024-08,Office,4190.0
2024-08,CHC,665.0
2024-08,Trustcare,14.99
2024-08,Kris,3275.0
2024-08,Trustcare,14.99
2024-08,Trustcare,14.99
2024-08,Trustcare,14.99
2024-08,Trustcare,14.99
2024-08,Traie,4490.0
2024-08,Trustcare,14.99
2024-08,Rob,3837.5
2024-08,SamC,4135.0
2024-08,Trustcare,14.99
2024-08,Trustcare,14.99
2024-08,Trustcare,14.99
2024-08,Kelly,2390.0
2024-08,Trustcare,14.99
2024-08,Kris,3325.0
2024-08,Trustcare,14.99
2024-08,Gavin,7027.5
2024-08,Trustcare,14.99
2024-08,Trustcare,14.99
2024-08,Trustcare,14.99
2024-08,Trustcare,14.99
2024-08,SamC,3330.0
2024-08,Office,4000.0
2024-08,Trustcare,14.99
2024-08,Trustcare,14.99
2024-08,Office,621.05
2024-08,Trustcare,14.99
2024-08,Shane,2848.0
2024-08,Trustcare,14.99
2024-08,Trustcare,14.99
2024-08,Trustcare,14.99
2024-08,Steve,3127.5
2024-08,Admin,100.0
2024-08,Gavin,5945.0
2024-08,CHC,670.0
2024-08,Trustcare,14.99
2024-08,Rob,4535.0
2024-08,Trustcare,14.99
2024-08,Trustcare,14.99
2024-08,Trustcare,14.99
2024-08,Kris,6967.5
2024-08,Trustcare,14.99
2024-08,Kelly,3180.0
2024-08,Admin,21.0
2024-08,Trustcare,14.99
2024-08,Trustcare,14.99
2024-08,Kris,3255.0
2024-08,Admin,0.01
2024-08,Trustcare,14.99
2024-08,Trustcare,14.99
2024-08,Gavin,9500.0
2024-08,Trustcare,14.99
2024-08,Trustcare,14.99
2024-08,Steve,5420.0
2024-08,Kris,1360.0
2024-08,Kelly,8778.5
2024-08,Steve,3100.0
2024-08,Trustcare,14.99
2024-08,CHC,585.0
2024-08,Trustcare,14.99
2024-08,Steve,2014.0
2024-08,Trustcare,14.99
2024-08,Shane,10905.0
2024-08,Commercial,4893.0
2024-08,Steve,1132.0
2024-08,Trustcare,14.99
2024-08,CHC,870.0
2024-08,Steve,6480.0
2024-08,Trustcare,14.99
2024-08,Trustcare,14.99
2024-08,Rob,1132.0
2024-08,Steve,4811.5
2024-08,CHC,544.5
2024-08,Gavin,6740.0
2024-08,Steve,4235.0
2024-08,Commercial,523.0
2024-08,Steve,3280.0
2024-08,Trustcare,14.99
2024-08,Trustcare,14.99
2024-08,Niall,3255.0
2024-08,Trustcare,14.99
2024-08,Trustcare,14.99
2024-08,Kelly,2140.0
2024-08,Gavin,2573.0
2024-08,Trustcare,14.99
2024-08,Shane,4067.0
2024-08,Trustcare,14.99
2024-08,Trustcare,14.99
2024-08,Gavin,2915.0
2024-08,Trustcare,14.99
2024-08,Trustcare,14.99
2024-08,Steve,3175.0
2024-08,Trustcare,14.99
2024-08,Trustcare,14.99
2024-08,Trustcare,14.99
2024-08,Shane,3630.0
2024-08,Niall,2120.0
2024-08,Niall,3916.0
2024-08,Trustcare,14.99
2024-08,Office,3223.0
2024-08,Kelly,6768.5
2024-08,Niall,3550.0
2024-08,Trustcare,14.99
2024-08,Kelly,2972.0
2024-08,Steve,1432.0
2024-08,Gavin,1230.0
2024-08,Trustcare,14.99
2024-08,CHC,605.0
2024-08,Rob,1132.0
2024-09,Admin,330.0
2024-09,Gavin,8065.0
2024-09,Trust Care,14.99
2024-09,Trust Care,14.99
2024-09,Gavin,2051.0
2024-09,Trust Care,14.99
2024-09,Trust Care,14.99
2024-09,Steve,2245.0
2024-09,Kris,2210.0
2024-09,Shane,4815.0
2024-09,Trust Care,14.99
2024-09,Trust Care,14.99
2024-09,Shane,3470.0
2024-09,Steve,6875.0
2024-09,Trust Care,14.99
2024-09,Steve,4007.0
2024-09,Niall,3275.0
2024-09,Shane,2265.0
2024-09,Niall,4660.0
2024-09,Rob,2265.0
2024-09,Trust Care,14.99
2024-09,Rob,2210.0
2024-09,Commercial,5685.96
2024-09,CHC,1700.0
2024-09,Trust Care,14.99
2024-09,Rob,4335.0
2024-09,Kelly,1230.0
2024-09,Jay,3370.0
2024-09,Trust Care,14.99
2024-09,Gavin,2847.5
2024-09,Steve,7760.0
2024-09,Trust Care,14.99
2024-09,Gavin,6952.5
2024-09,Trust Care,14.99
2024-09,Trust Care,14.99
2024-09,Kelly,2840.0
2024-09,Traie,4235.0
2024-09,SamC,3250.0
2024-09,Kelly,5525.0
2024-09,Kris,3175.0
2024-09,CHC,605.0
2024-09,Kris,2140.0
2024-09,Kris,3555.0
2024-09,CHC,770.0
2024-09,Traie,3760.0
2024-09,Trust Care,14.99
2024-09,Niall,2548.0
2024-09,Jay,2240.0
2024-09,Steve,2140.0
2024-09,Trust Care,14.99
2024-09,Jay,3050.0
2024-09,Trust Care,14.99
2024-09,Kelly,6505.5
2024-09,Trust Care,14.99
2024-09,Rob,4675.0
2024-09,Trust Care,14.99
2024-09,Trust Care,14.99
2024-09,Steve,2847.5
2024-09,Traie,2220.0
2024-09,Rob,1185.0
2024-09,Kris,3430.0
2024-09,Shane,1840.5
2024-09,Shane,6921.0
2024-09,Gavin,2784.5
2024-09,Admin,108.33
2024-09,Trust Care,14.99
2024-09,Kelly,3587.0
2024-09,Commercial,3094.0
2024-09,Trust Care,14.99
2024-09,Shane,3475.0
2024-09,Shane,5050.0
2024-09,CHC,915.0
2024-09,Steve,4090.0
2024-09,Trust Care,14.99
2024-09,Kris,4580.67
2024-09,Trust Care,14.99
2024-09,Office,2298.0
2024-09,Gavin,5170.0
2024-09,SamC,1310.0
2024-09,Jay,1310.0
2024-09,Shane,2270.0
2024-09,Rob,2120.0
2024-09,SamC,2490.0
2024-09,Gavin,3400.0
2024-09,Trust Care,14.99
2024-09,Trust Care,14.99
2024-09,Trust Care,14.99
2024-09,SamC,2290.0
2024-09,Trust Care,14.99
2024-09,Trust Care,14.99
2024-09,Niall,1310.0
2024-09,CHC,665.0
2024-09,Gavin,5475.0
2024-09,Rob,2165.0
2024-09,Trust Care,14.99
2024-09,Trust Care,14.99
2024-09,Trust Care,14.99
2024-09,Trust Care,14.99
2024-09,SamC,5920.0
2024-09,Trust Care,14.99
2024-09,SamC,1160.0
2024-09,Trust Care,14.99
2024-09,Gavin,1310.0
2024-09,Niall,3125.0
2024-09,SamC,1195.0
2024-09,Kris,2000.0
2024-09,Trust Care,14.99
2024-09,Trust Care,14.99
2024-09,SamC,3312.0
2024-09,Trust Care,14.99
2024-09,Trust Care,14.99
2024-09,Trust Care,14.99
2024-09,Rob,1110.0
2024-09,Niall,580.0
2024-09,Rob,2245.0
2024-09,Rob,1230.0
2024-09,CHC,805.0
2024-09,Niall,2290.0
2024-09,Traie,2630.0
2024-09,Trust Care,14.99
2024-09,Kelly,5325.0
2024-09,Traie,1210.0
2024-09,Kelly,5461.0
2024-09,Trust Care,14.99
2024-09,Commercial,6542.0
2024-09,Niall,3380.0
2024-09,Trust Care,14.99
2024-09,Trust Care,14.99
2024-09,SamC,2470.0
2024-09,Kelly,1340.0
2024-09,Trust Care,14.99
2024-09,Trust Care,14.99
2024-09,Shane,2020.5
2024-09,Trust Care,14.99
2024-09,Shane,2475.0
2024-09,Rob,1230.0
2024-09,Rob,2014.0
2024-09,Rob,6600.0
2024-09,Traie,2073.5
2024-09,SamC,2345.0
2024-09,Kris,3100.0
2024-09,Trust Care,14.99
2024-09,Trust Care,14.99
2024-09,Niall,1685.0
2024-09,Trust Care,14.99
2024-09,Traie,1230.0
2024-09,Shane,5155.0
2024-09,Shane,2220.0
2024-09,Rob,2165.0
2024-09,SamC,3280.0
2024-09,Trust Care,14.99
2024-09,SamC,1132.0
2024-09,SamC,1132.0
2024-09,Gavin,1580.0
2024-09,Niall,1235.0
2024-09,Trust Care,14.99
2024-09,Office,2458.51
2024-09,Steve,3000.0
2024-09,Trust Care,14.99
2024-09,Trust Care,14.99
2024-09,Trust Care,14.99
2024-09,Shane,2083.5
2024-09,Steve,7161.0
2024-09,Jay,2740.0
2024-09,Steve,3119.5
2024-09,Kris,9596.0
2024-09,Kris,2210.0
2024-09,Admin,21.0
2024-09,Trust Care,14.99
2024-09,Trust Care,14.99
2024-09,Gavin,4315.0
2024-09,Steve,4680.0
2024-09,Trust Care,14.99
2024-09,CHC,605.0
2024-09,Kelly,7940.0
2024-09,Steve,3505.0
2024-09,Trust Care,14.99
2024-09,Gavin,5787.0
2024-09,Rob,2033.0
2024-09,CHC,495.0
2024-09,Niall,1091.5
2024-09,Kris,1360.0
2024-09,Kris,2215.0
2024-09,Trust Care,14.99
2024-09,Rob,2140.0
2024-09,Trust Care,14.99
2024-09,Steve,1310.0
2024-09,Trust Care,14.99
2024-09,Trust Care,14.99
2024-09,Niall,2892.5
2024-09,Trust Care,14.99
2024-09,Trust Care,14.99
2024-09,Gavin,3816.0
2024-09,Trust Care,14.99
2024-09,CHC,670.0
2024-09,Trust Care,14.99
2024-09,Trust Care,14.99
2024-09,Jay,3355.0
2024-09,Trust Care,14.99
2024-09,Trust Care,14.99
2024-09,Trust Care,14.99
2024-09,Trust Care,14.99
2024-09,Shane,2345.0
2024-09,Jay,1185.0
2024-09,Rob,2210.0
2024-09,Commercial,8510.0
2024-09,Trust Care,14.99
2024-09,Kelly,1340.0
2024-09,Trust Care,14.99
2024-09,Trust Care,14.99
2024-09,Trust Care,14.99
2024-09,Steve,3330.0
2024-09,CHC,770.0
2024-09,Rob,4882.0
2024-09,Shane,6457.5
2024-09,Kris,4830.0
2024-09,Trust Care,14.99
2024-09,Trust Care,14.99
2024-09,Trust Care,14.99
2024-09,SamC,1310.0
2024-09,Rob,2420.0
2024-09,SamC,1294.0
2024-09,Trust Care,14.99
2024-09,Rob,1230.0
2024-09,Niall,3430.0
2024-09,Commercial,2288.0
2024-09,Rob,1973.5
2024-09,Commercial,635.0
2024-09,Gavin,2870.0
2024-09,Kris,2576.0
2024-09,Shane,4505.0
2024-09,Trust Care,14.99
2024-09,Rob,4020.0
2024-09,Trust Care,14.99
2024-09,Kris,4924.0
2024-09,SamC,2195.5
2024-09,Rob,1231.0
2024-09,Trust Care,14.99
2024-10,Gavin,4185.0
2024-10,Trust Care,14.99
2024-10,Shane,5100.0
2024-10,Trust Care,14.99
2024-10,Trust Care,14.99
2024-10,Trust Care,14.99
2024-10,Gavin,6075.0
2024-10,Kelly,1400.0
2024-10,Trust Care,14.99
2024-10,Gavin,2086.0
2024-10,Niall,9859.42
2024-10,Trust Care,14.99
2024-10,Kelly,1060.0
2024-10,Trust Care,14.99
2024-10,CHC,1241.66
2024-10,Trust Care,14.99
2024-10,Kelly,1210.0
2024-10,Trust Care,14.99
2024-10,Steve,9951.0
2024-10,Admin,83.33
2024-10,Niall,4798.0
2024-10,Trust Care,14.99
2024-10,Rob,2073.5
2024-10,Trust Care,14.99
2024-10,SamC,2165.0
2024-10,Trust Care,14.99
2024-10,Rob,1204.0
2024-10,Niall,9580.0
2024-10,Niall,2220.0
2024-10,Trust Care,14.99
2024-10,Lucy,180.0
2024-10,Trust Care,14.99
2024-10,Jay,3964.5
2024-10,Shane,3767.0
2024-10,Rob,3420.0
2024-10,Steve,2955.5
2024-10,SamC,2120.0
2024-10,Rob,3195.0
2024-10,Trust Care,14.99
2024-10,Trust Care,14.99
2024-10,Admin,8.0
2024-10,Gavin,0.0
2024-10,Steve,4230.0
2024-10,SamC,4515.0
2024-10,Trust Care,14.99
2024-10,Shane,6100.0
2024-10,Trust Care,14.99
2024-10,Kelly,1230.0
2024-10,Trust Care,14.99
2024-10,Gavin,5900.0
2024-10,Trust Care,14.99
2024-10,Trust Care,14.99
2024-10,Kelly,3155.0
2024-10,SamC,3079.5
2024-10,Niall,7465.0
2024-10,Rob,1335.0
2024-10,Trust Care,14.99
2024-10,Gavin,9873.4
2024-10,Trust Care,14.99
2024-10,Trust Care,14.99
2024-10,Trust Care,14.99
2024-10,Louis,3367.75
2024-10,Jay,2907.0
2024-10,CHC,558.33
2024-10,Kelly,3042.5
2024-10,CHC,1109.18
2024-10,Trust Care,14.99
2024-10,Trust Care,14.99
2024-10,Trust Care,14.99
2024-10,Louis,1236.0
2024-10,Trust Care,14.99
2024-10,Trust Care,14.99
2024-10,SamC,3325.0
2024-10,Kris,3325.0
2024-10,Trust Care,14.99
2024-10,Steve,2888.0
2024-10,Trust Care,14.99
2024-10,Trust Care,14.99
2024-10,Trust Care,14.99
2024-10,Trust Care,14.99
2024-10,Gavin,2996.0
2024-10,Steve,5490.0
2024-10,Trust Care,14.99
2024-10,Gavin,4847.5
2024-10,Kris,2925.0
2024-10,CHC,705.84
2024-10,Kelly,2086.0
2024-10,Kris,2320.0
2024-10,Kelly,1340.0
2024-10,CHC,558.33
2024-10,Jay,6831.0
2024-10,Shane,5418.0
2024-10,Gavin,5066.0
2024-10,Trust Care,14.99
2024-10,Trust Care,14.99
2024-10,Trust Care,14.99
2024-10,Kris,4335.0
2024-10,SamC,1110.0
2024-10,Kris,1230.0
2024-10,Trust Care,14.99
2024-10,Niall,2265.0
2024-10,Trust Care,14.99
2024-10,Admin,33.33
2024-10,Rob,2414.0
2024-10,SamC,6835.0
2024-10,Trust Care,14.99
2024-10,SamC,1091.5
2024-10,Jay,3946.5
2024-10,Trust Care,14.99
2024-10,Trust Care,14.99
2024-10,Trust Care,14.99
2024-10,Jay,6040.0
2024-10,Rob,3797.0
2024-10,CHC,641.67
2024-10,Trust Care,14.99
2024-10,Trust Care,14.99
2024-10,Admin,100.0
2024-10,Trust Care,14.99
2024-10,SamC,3900.0
2024-10,Gavin,1182.0
2024-10,Steve,5882.0
2024-10,Kelly,2420.0
2024-10,Trust Care,14.99
2024-10,Trust Care,14.99
2024-10,Kris,2270.0
2024-10,Trust Care,14.99
2024-10,Niall,6410.0
2024-10,Jay,2120.0
2024-10,Gavin,4990.0
2024-10,Gavin,3255.0
2024-10,CHC,587.5
2024-10,Niall,6255.0
2024-10,CHC,495.83
2024-10,Steve,2345.0
2024-10,Trust Care,14.99
2024-10,Niall,1360.0
2024-10,Kelly,3175.0
2024-10,Admin,100.0
2024-10,Kim,6049.13
2024-10,Kris,2210.0
2024-10,Gavin,5212.0
2024-10,Trust Care,14.99
2024-10,Jay,4510.0
2024-10,Trust Care,14.99
2024-10,Rob,2165.0
2024-10,Trust Care,14.99
2024-10,Trust Care,14.99
2024-10,Kris,3861.0
2024-10,Kelly,1284.0
2024-10,Traie,1066.5
2024-10,Admin,20.76
2024-10,Trust Care,14.99
2024-10,Jay,2240.0
2024-10,Admin,18.0
2024-10,Niall,5375.0
2024-10,Kelly,1230.0
2024-10,SamC,4210.0
2024-10,Louis,7907.68
2024-10,Jay,4070.0
2024-10,Office,575.18
2024-10,Trust Care,14.99
2024-10,Rob,1185.0
2024-10,Trust Care,14.99
2024-10,Jay,3654.0
2024-10,CHC,544.5
2024-10,CHC,725.0
2024-10,Kelly,2598.0
2024-10,Jay,2415.0
2024-10,Rob,6336.48
2024-10,Niall,1435.0
2024-10,Kris,3030.0
2024-10,Rob,3565.0
2024-10,Trust Care,14.99
2024-10,SamC,4415.0
2024-10,CHC,504.17
2024-10,Trust Care,14.99
2024-10,Shane,5980.0
2024-10,Trust Care,14.99
2024-10,Kris,3415.5
2024-10,Jay,4765.0
2024-10,SamC,3405.0
2024-10,Kelly,2817.0
2024-10,Kris,3290.0
2024-10,Office,250.0
2024-10,Trust Care,14.99
2024-10,Niall,5508.0
2024-10,Trust Care,14.99
2024-10,Steve,1426.0
2024-10,Trust Care,14.99
2024-10,Rob,6320.0
2024-10,Trust Care,14.99
2024-10,Trust Care,14.99
2024-10,CHC,1108.33
2024-10,Niall,5805.0
2024-10,Kris,2874.5
2024-10,CHC,751.31
2024-10,Rob,1735.0
2024-10,Niall,6355.0
2024-10,Trust Care,14.99
2024-10,Trust Care,14.99
2024-10,CHC,504.17
2024-10,Rob,4202.0
2024-10,Trust Care,14.99
2024-10,Admin,116.67
2024-10,Steve,2245.0
2024-10,Shane,1773.0
2024-10,Trust Care,14.99
2024-10,Trust Care,14.99
2024-10,Kris,3097.5
2024-10,Shane,2820.0
2024-10,Trust Care,14.99
2024-10,Trust Care,14.99
2024-10,Shane,1460.0
2024-10,SamC,2154.0
2024-10,Niall,3280.0
2024-10,SamC,2045.0
2024-10,Kris,5601.33
2024-10,Trust Care,14.99
2024-10,Trust Care,14.99
2024-10,Trust Care,14.99
2024-10,Niall,2390.0
2024-10,Trust Care,14.99
2024-10,Steve,4340.0
2024-10,Jay,1460.0
2024-10,Steve,5195.0
2024-10,Trust Care,14.99
2024-10,Trust Care,14.99
2024-10,Shane,5408.0
2024-10,Trust Care,14.99
2024-10,Rob,1230.0
2024-10,Office,1687.0
2024-10,Kris,3275.0
2024-10,Trust Care,14.99
2024-10,Kelly,2445.0
2024-10,Traie,2570.0
2024-10,Rob,3320.0
2024-10,Steve,2390.0
2024-10,Trust Care,14.99
2024-10,CHC,1058.34
2024-10,Trust Care,14.99
2024-10,Kris,2320.0
2024-10,Steve,1280.0
2024-10,Niall,2560.0
2024-10,Jay,4982.0
2024-10,Niall,5702.0
2024-10,Gavin,1764.01
2024-10,Trust Care,14.99
2024-10,Kelly,2270.0
2024-11,Steve,1330.0
2024-11,Jay,2687.5
2024-11,CHC,570.83
2024-11,SamC,4560.0
2024-11,Gavin,4266.0
2024-11,Gavin,2051.0
2024-11,CHC,1525.0
2024-11,Kelly,1204.0
2024-11,Office,1038.99
2024-11,Shane,4443.0
2024-11,Commercial,9811.17
2024-11,Rob,2112.0
2024-11,Niall,2645.0
2024-11,Shane,1319.34
2024-11,Traie,4280.0
2024-11,Kris,3875.0
2024-11,Traie,4648.5
2024-11,Rob,2220.0
2024-11,Kris,4415.0
2024-11,Kelly,7443.0
2024-11,CHC,641.67
2024-11,Shane,2880.0
2024-11,CHC,554.17
2024-11,Steve,3883.5
2024-11,Kris,3355.0
2024-11,Niall,3371.0
2024-11,Lucy,2760.0
2024-11,SamC,2795.0
2024-11,SamC,4080.0
2024-11,SamC,2315.0
2024-11,Gavin,1308.4
2024-11,Jay,3592.0
2024-11,Gavin,2469.0
2024-11,Shane,4380.0
2024-11,Kelly,2946.0
2024-11,TrustCare,14.99
2024-11,TrustCare,14.99
2024-11,TrustCare,14.99
2024-11,TrustCare,14.99
2024-11,TrustCare,14.99
2024-11,TrustCare,14.99
2024-11,TrustCare,14.99
2024-11,TrustCare,14.99
2024-11,TrustCare,14.99
2024-11,TrustCare,14.99
2024-11,TrustCare,14.99
2024-11,TrustCare,14.99
2024-11,TrustCare,14.99
2024-11,TrustCare,14.99
2024-11,TrustCare,14.99
2024-11,TrustCare,14.99
2024-11,TrustCare,14.99
2024-11,TrustCare,14.99
2024-11,TrustCare,14.99
2024-11,TrustCare,14.99
2024-11,TrustCare,14.99
2024-11,TrustCare,14.99
2024-11,TrustCare,14.99
2024-11,TrustCare,14.99
2024-11,TrustCare,14.99
2024-11,TrustCare,14.99
2024-11,TrustCare,14.99
2024-11,TrustCare,14.99
2024-11,TrustCare,14.99
2024-11,TrustCare,14.99
2024-11,TrustCare,14.99
2024-11,TrustCare,14.99
2024-11,TrustCare,14.99
2024-11,TrustCare,19.85
2024-11,TrustCare,14.99
2024-11,TrustCare,14.99
2024-11,TrustCare,14.99
2024-11,TrustCare,14.99
2024-11,TrustCare,14.99
2024-11,TrustCare,14.99
2024-11,TrustCare,14.99
2024-11,TrustCare,14.99
2024-11,TrustCare,14.99
2024-11,TrustCare,14.99
2024-11,TrustCare,14.99
2024-11,TrustCare,14.99
2024-11,TrustCare,14.99
2024-11,TrustCare,14.99
2024-11,TrustCare,14.99
2024-11,TrustCare,14.99
2024-11,TrustCare,14.99
2024-11,TrustCare,14.99
2024-11,TrustCare,14.99
2024-11,TrustCare,14.99
2024-11,TrustCare,14.99
2024-11,TrustCare,14.99
2024-11,TrustCare,14.99
2024-11,TrustCare,14.99
2024-11,TrustCare,14.99
2024-11,TrustCare,14.99
2024-11,TrustCare,14.99
2024-11,TrustCare,14.99
2024-11,TrustCare,14.99
2024-11,Admin,100.0
2024-11,Admin,25.0
2024-11,TrustCare,14.99
2024-11,Admin,50.0
2024-11,TrustCare,14.99
2024-11,TrustCare,14.99
2024-11,TrustCare,14.99
2024-11,TrustCare,14.99
2024-11,TrustCare,14.99
2024-11,Rob,2810.2
2024-11,TrustCare,14.99
2024-11,TrustCare,14.99
2024-11,TrustCare,14.99
2024-11,TrustCare,14.99
2024-11,TrustCare,14.99
2024-11,TrustCare,14.99
2024-11,TrustCare,14.99
2024-11,TrustCare,14.99
2024-11,TrustCare,14.99
2024-11,TrustCare,14.99
2024-11,TrustCare,14.99
2024-11,TrustCare,14.99
2024-11,TrustCare,14.99
2024-11,TrustCare,14.99
2024-11,TrustCare,14.99
2024-11,TrustCare,32.98
2024-11,TrustCare,14.99
2024-11,TrustCare,14.99
2024-11,TrustCare,14.99
2024-11,TrustCare,14.99
2024-11,TrustCare,14.99
2024-11,TrustCare,14.99
2024-11,TrustCare,14.99
2024-11,TrustCare,14.99
2024-11,TrustCare,14.99
2024-11,Kris,3205.0
2024-11,Louis,3084.5
2024-11,Rob,2140.0
2024-11,CHC,1241.66
2024-11,Kris,1210.0
2024-11,Traie,2320.0
2024-11,Traie,2190.0
2024-11,Office,1249.99
2024-11,Rob,2878.75
2024-11,CHC,609.59
2024-11,Niall,8098.75
2024-11,Gavin,4223.5
2024-11,Kelly,2717.0
2024-11,Shane,1152.0
2024-11,Jay,4927.75
2024-11,Kelly,2500.0
2024-11,SamC,3211.5
2024-11,Kris,7330.0
2024-11,Gavin,3280.5
2024-11,Traie,948.0
2024-11,Niall,1098.83
2024-11,Steve,2145.0
2024-11,CHC,1241.66
2024-11,Steve,1374.0
2024-11,SamC,3370.0
2024-11,Kim,618.0
2024-11,CHC,641.67
2024-11,Jay,4921.0
2024-11,Steve,2997.5
2024-11,Niall,6550.0
2024-11,Shane,4415.0
2024-11,Kelly,4066.0
2024-11,Gavin,5096.0
2024-11,Niall,4492.75
2024-11,Traie,2168.0
2024-11,Kris,1230.0
2024-11,CHC,1058.34
2024-11,CHC,554.17
2024-11,Gavin,3062.5
2024-11,Kris,1083.0
2024-11,Traie,1132.0
2024-11,CHC,620.83
2024-11,Jay,3509.0
2024-11,Kelly,3790.0
2024-11,Admin,83.33
2024-11,Admin,50.0
2024-11,TrustCare,21.0
2024-11,CHC,453.75
2024-11,Jay,2825.0
2024-11,CHC,1008.33
2024-11,Rob,2596.0
2024-11,Shane,11505.5
2024-11,Rob,6317.25
2024-11,Office,3195.75
2024-11,Kris,4587.5
2024-11,Shane,5676.5
2024-11,Rob,1176.0
2024-11,Kelly,5377.5
2024-11,Rob,2725.0
2024-11,CHC,620.83
2024-11,Steve,1724.0
2024-11,SamC,5714.0
2024-11,Jay,3832.0
2024-11,Steve,1946.0
2024-11,SamC,3325.0
2024-11,Niall,3330.0
2024-11,Jay,7765.0
2024-11,SamC,4562.0
2024-11,Niall,9535.0
2024-11,Shane,1948.5
2024-11,Jay,2440.0
2024-11,Niall,1926.0
2024-11,Niall,2345.0
2024-11,Kelly,5265.0
2024-11,Gavin,2955.5
2024-11,Rob,4375.0
2024-11,Traie,3027.5
2024-11,Jay,2171.93
2024-11,Jay,2554.0
2024-11,Rob,2009.56
2024-11,Rob,3603.5
2024-11,Gavin,3105.5
2024-11,Gavin,4485.0
2024-11,Jay,2880.0
2024-11,Kelly,2550.0
2024-11,Jay,5470.0
2024-11,Kelly,4126.0
2024-11,Steve,4671.0
2024-11,Traie,3858.5
2024-11,Admin,60.0
2024-11,Admin,66.67
2024-11,Made Smarter,5250.0
2024-11,TrustCare,14.99
2024-11,Admin,50.0
2024-11,Lucy,104.17
2024-11,CHC,783.33
2024-11,Niall,6174.0
2024-11,Kris,6175.0
2024-11,Steve,1133.0
2024-11,Rob,4009.5
2024-11,Office,2046.0
2024-11,Jay,1374.0
2024-11,Kris,1133.0
2024-11,Jay,1132.0
2024-11,Office,1036.67
2024-11,Shane,2307.0
2024-11,Gavin,4676.75
2024-11,Kelly,2606.0
2024-11,SamC,7825.5
2024-11,Gavin,3829.5
2024-11,Gavin,4698.25
2024-11,Rob,3586.0
2024-11,Gavin,1203.7
2024-11,Shane,2014.0
2024-11,CHC,1125.0
2024-11,Kris,2270.0
2024-11,Jay,2991.0
2024-11,CHC,725.0
2024-11,CHC,630.0
2024-11,Kris,1203.0
2024-11,SamC,5463.0
2024-11,Kelly,6995.0
2024-11,Kris,3782.25
2024-11,Gavin,5172.5
2024-11,Traie,2846.0
2024-11,CHC,870.0
2024-11,CHC,675.0
2024-11,Gavin,1176.0
2024-11,Gavin,6423.75
2024-11,Rob,1133.0
2024-11,Kelly,5831.0
2024-11,Kris,3025.5
2024-11,Shane,0.0
2024-11,Traie,2888.0
2024-11,Rob,5733.25
2024-11,SamC,5694.5
2024-11,Kelly,1933.0
2024-11,Steve,1762.0
2024-11,Niall,5268.3
2024-11,Kris,1123.0
2024-11,Rob,3658.0
2024-11,Rob,1034.0
2024-11,Kris,5689.0
2024-11,Gavin,2962.5
2024-11,Shane,4950.0
2024-11,Jay,2739.89
2024-11,Shane,2917.0
2024-11,Kris,2206.67
2024-12,TrustCare,14.99
2024-12,TrustCare,14.99
2024-12,TrustCare,14.99
2024-12,TrustCare,14.99
2024-12,TrustCare,14.99
2024-12,TrustCare,14.99
2024-12,TrustCare,14.99
2024-12,TrustCare,14.99
2024-12,TrustCare,14.99
2024-12,Jay,2365.0
2024-12,Steve,2308.0
2024-12,TrustCare,14.99
2024-12,TrustCare,14.99
2024-12,Gavin,3799.0
2024-12,Shane,5150.0
2024-12,TrustCare,14.99
2024-12,SamC,6975.0
2024-12,Admin,130.0
2024-12,TrustCare,14.99
2024-12,Admin,66.67
2024-12,TrustCare,14.99
2024-12,TrustCare,14.99
2024-12,Niall,4265.0
2024-12,TrustCare,14.99
2024-12,TrustCare,14.99
2024-12,Steve,1915.5
2024-12,TrustCare,14.99
2024-12,Jay,2520.0
2024-12,TrustCare,14.99
2024-12,TrustCare,14.99
2024-12,TrustCare,14.99
2024-12,TrustCare,14.99
2024-12,Jay,4160.0
2024-12,TrustCare,14.99
2024-12,Steve,7054.0
2024-12,TrustCare,14.99
2024-12,Rob,1230.0
2024-12,Rob,1220.0
2024-12,TrustCare,14.99
2024-12,Commercial,3365.68
2024-12,TrustCare,14.99
2024-12,Steve,2073.5
2024-12,TrustCare,14.99
2024-12,TrustCare,14.99
2024-12,Office,1160.0
2024-12,TrustCare,14.99
2024-12,Kelly,3645.0
2024-12,TrustCare,14.99
2024-12,CHC,1200.0
2024-12,TrustCare,14.99
2024-12,TrustCare,14.99
2024-12,Shane,2038.5
2024-12,Gavin,4979.0
2024-12,SamC,4406.0
2024-12,TrustCare,14.99
2024-12,TrustCare,14.99
2024-12,TrustCare,14.99
2024-12,TrustCare,14.99
2024-12,TrustCare,14.99
2024-12,TrustCare,14.99
2024-12,TrustCare,14.99
2024-12,Kris,3355.0
2024-12,TrustCare,14.99
2024-12,TrustCare,14.99
2024-12,TrustCare,14.99
2024-12,TrustCare,14.99
2024-12,CHC,533.33
2024-12,TrustCare,14.99
2024-12,Rob,4325.0
2024-12,Jay,5335.0
2024-12,TrustCare,14.99
2024-12,TrustCare,14.99
2024-12,Admin,200.0
2024-12,TrustCare,14.99
2024-12,TrustCare,14.99
2024-12,Jay,6210.0
2024-12,Kelly,1672.0
2024-12,TrustCare,14.99
2024-12,TrustCare,14.99
2024-12,Kelly,3380.0
2024-12,TrustCare,14.99
2024-12,TrustCare,14.99
2024-12,TrustCare,14.99
2024-12,TrustCare,14.99
2024-12,Kelly,4783.0
2024-12,Traie,2345.0
2024-12,TrustCare,14.99
2024-12,TrustCare,14.99
2024-12,Traie,2345.0
2024-12,SamC,3069.5
2024-12,TrustCare,14.99
2024-12,TrustCare,14.99
2024-12,Commercial,4761.82
2024-12,TrustCare,14.99
2024-12,Commercial,5927.68
2024-12,TrustCare,14.99
2024-12,TrustCare,14.99
2024-12,Niall,9725.0
2024-12,TrustCare,14.99
2024-12,TrustCare,14.99
2024-12,Admin,200.0
2024-12,Niall,4060.0
2024-12,Niall,1310.0
2024-12,TrustCare,14.99
2024-12,TrustCare,14.99
2024-12,TrustCare,14.99
2024-12,TrustCare,14.99
2024-12,TrustCare,14.99
2024-12,TrustCare,14.99
2024-12,Steve,1182.0
2024-12,Rob,2245.0
2024-12,Admin,21.0
2024-12,TrustCare,14.99
2024-12,TrustCare,14.99
2024-12,Shane,2110.5
2024-12,TrustCare,14.99
2024-12,TrustCare,14.99
2024-12,TrustCare,14.99
2024-12,Commercial,840.0
2024-12,Admin,83.33
2024-12,CHC,453.75
2024-12,TrustCare,14.99
2024-12,Shane,1840.25
2024-12,TrustCare,14.99
2024-12,Admin,50.0
2024-12,Jay,3555.0
2024-12,CHC,675.0
2024-12,TrustCare,14.99
2024-12,TrustCare,14.99
2024-12,Rob,1160.0
2024-12,Jay,6058.33
2024-12,Niall,5520.0
2024-12,TrustCare,14.99
2024-12,Jay,4517.0
2024-12,TrustCare,14.99
2024-12,Traie,2460.0
2024-12,Jay,2395.0
2024-12,TrustCare,14.99
2024-12,TrustCare,14.99
2024-12,Rob,6038.75
2024-12,TrustCare,14.99
2024-12,CHC,1300.0
2024-12,TrustCare,14.99
2024-12,TrustCare,14.99
2024-12,CHC,805.0
2024-12,TrustCare,14.99
2024-12,TrustCare,14.99
2024-12,TrustCare,14.99
2024-12,TrustCare,14.99
2024-12,Jay,9636.5
2024-12,TrustCare,14.99
2024-12,TrustCare,14.99
2024-12,Traie,7331.0
2024-12,TrustCare,14.99
2024-12,Office,1485.0
2024-12,Admin,60.0
2024-12,TrustCare,14.99
2024-12,TrustCare,14.99
2024-12,TrustCare,14.99
2024-12,TrustCare,14.99
2024-12,TrustCare,14.99
2024-12,Jay,3047.0
2024-12,Commercial,680.0
2024-12,Niall,4789.0
2024-12,Steve,3455.0
2024-12,TrustCare,14.99
2024-12,TrustCare,14.99
2024-12,TrustCare,14.99
2024-12,Admin,33.33
2024-12,TrustCare,14.99
2024-12,TrustCare,14.99
2024-12,TrustCare,14.99
2024-12,Steve,7480.0
2024-12,SamC,1310.0
2024-12,Steve,5025.5
2024-12,TrustCare,14.99
2024-12,Admin,41.67
2024-12,Niall,1877.75
2024-12,TrustCare,14.99
2024-12,Shane,1936.0
2024-12,TrustCare,14.99
2024-12,Commercial,2937.66
2024-12,TrustCare,14.99
2024-12,Traie,3199.5
2025-01,SamC,1729.33
2025-01,Traie,2710.75
2025-01,Traie,2145.0
2025-01,Commercial,180.0
2025-01,Niall,7834.75
2025-01,Shane,5148.25
2025-01,Shane,3078.75
2025-01,Traie,2751.25
2025-01,Rob,7373.75
2025-01,Rob,2119.0
2025-01,Shane,1924.5
2025-01,Niall,4638.0
2025-01,Rob,1286.0
2025-01,Niall,1927.75
2025-01,Shane,6328.5
2025-01,Niall,9195.0
2025-01,Rob,4018.0
2025-01,Office,1201.0
2025-01,Rob,4025.0
2025-01,Rob,2647.0
2025-01,Gavin,2863.0
2025-01,Rob,981.0
2025-01,SamC,1083.0
2025-01,Kelly,2060.5
2025-01,Kris,2951.25
2025-01,Gavin,1877.75
2025-01,Office,1333.0
2025-01,Shane,1816.0
2025-01,Steve,1151.0
2025-01,Kris,3539.75
2025-01,Kris,3952.25
2025-01,Steve,6285.21
2025-01,Traie,2720.0
2025-01,Shane,4783.25
2025-01,Gavin,4350.25
2025-01,SamC,983.0
2025-01,Jay,3167.0
2025-01,Gavin,4448.4
2025-01,Office,600.0
2025-01,Shane,3450.0
2025-01,Rob,1083.0
2025-01,jay,2799.25
2025-01,Gavin,1236.0
2025-01,Steve,1226.0
2025-01,Shane,4892.75
2025-01,Jay,3169.25
2025-01,Jay,4757.75
2025-01,Commercial,2214.0
2025-01,Kelly,3913.0
2025-01,Niall,1775.75
2025-01,Kris,1875.75
2025-01,Traie,3660.0
2025-01,Rob,1916.0
2025-01,Gavin,2772.5
2025-01,Kris,2976.75
2025-01,Jay,2084.0
2025-01,Traie,794.75
2025-01,Steve,1883.5
2025-01,SamC,1889.5
2025-01,Jay,1073.5
2025-01,Kris,1916.0
2025-01,Shane,5447.7
2025-01,Steve,3646.0
2025-01,Niall,2045.75
2025-01,Rob,2897.0
2025-01,Rob,3667.25
2025-01,Kris,5575.75
2025-01,Shane,2720.0
2025-01,Rob,4133.5
2025-01,Rob,2034.0
2025-01,Steve,1083.0
2025-01,Jay,1954.75
2025-01,Kelly,4071.5
2025-01,Steve,1977.75
2025-01,Traie,2713.0
2025-01,CHC,550.0
2025-01,Rob,1161.0
2025-01,Shane,4176.25
2025-01,Rob,4818.25
2025-01,Gavin,2106.5
2025-01,Katrine,1739.5
2025-01,Katrine,2264.0
2025-01,Gavin,2820.5
2025-01,Steve,5219.75
2025-01,Shane,2193.25
2025-01,Katrine,2837.5
2025-01,Traie,2169.0
2025-01,Katrine,3521.75
2025-01,Shane,3050.0
2025-01,Rob,2910.0
2025-01,Rob,944.75
2025-01,SamC,1376.0
2025-01,Jay,1200.58
2025-01,Kelly,1909.0
2025-01,Gavin,1945.75
2025-01,Traie,5536.75
2025-01,Niall,3031.75
2025-01,Katrine,6084.33
2025-01,Kris,4579.0
2025-01,Rob,1201.0
2025-01,Niall,3820.5
2025-01,Niall,9765.25
2025-01,CHC,590.0
2025-01,Rob,1176.0
2025-01,SamC,1133.0
2025-01,SamC,1725.25
2025-01,Niall,2810.75
2025-01,SamC,2472.0
2025-01,CHC,575.0
2025-01,Kelly,3105.5
2025-01,Shane,3017.0
2025-01,Jay,5509.0
2025-01,Kris,5316.0
2025-01,Steve,1932.0
2025-01,Rob,1176.0
2025-01,Jay,1383.0
2025-01,CHC,1180.0
2025-01,Gavin,2787.5
2025-01,Steve,3053.0
2025-01,Kelly,2109.0
2025-01,Rob,1977.75
2025-01,SamC,1231.0
2025-01,Niall,5881.25
2025-01,Rob,1044.75
2025-01,Jay,5643.0
2025-01,Office,1820.75
2025-01,SamC,1839.5
2025-01,Kris,1176.0
2025-01,Kelly,2776.76
2025-01,Steve,4130.5
2025-01,Kelly,3328.0
2025-01,Rob,2899.0
2025-01,Niall,1133.0
2025-01,Rob,3055.0
2025-01,Kelly,5999.25
2025-01,Steve,3807.75
2025-01,Rob,981.0
2025-01,SamC,3841.75
2025-01,Katrine,3011.75
2025-01,Niall,2670.5
2025-01,SamC,944.75
2025-01,Kelly,6340.5
2025-01,Office,5535.5
2025-01,Rob,3774.35
2025-01,Kelly,1083.0
2025-01,Rob,1877.75
2025-01,Steve,6423.75
2025-01,Office,894.75
2025-01,Kelly,2817.0
2025-01,Jay,2963.75
2025-01,SamC,1094.75
2025-01,SamC,3700.0
2025-02,Jay,2240.0
2025-02,Rob,3829.0
2025-02,Niall,5100.0
2025-02,Rob,4088.5
2025-02,Steve,3250.0
2025-02,Kris,6781.25
2025-02,Kelly,3200.0
2025-02,Jay,2860.0
2025-02,Traie,4615.0
2025-02,Niall,1185.0
2025-02,Steve,2515.0
2025-02,Jay,4685.0
2025-02,Niall,3255.0
2025-02,Rob,1319.0
2025-02,Kris,1916.0
2025-02,Kris,4824.75
2025-02,Jay,1882.0
2025-02,SamC,2345.0
2025-02,Shane,2950.0
2025-02,Jay,4443.33
2025-02,Shane,3529.5
2025-02,CHC,725.0
2025-02,CHC,833.75
2025-02,Traie,2120.0
2025-02,Jay,4365.0
2025-02,Niall,3300.0
2025-02,Shane,3100.0
2025-02,Niall,2915.0
2025-02,Traie,1185.0
2025-02,Steve,4948.5
2025-02,SamC,5150.0
2025-02,Kelly,3044.5
2025-02,SamC,1118.33
2025-02,Rob,3245.0
2025-02,Kelly,5636.0
2025-02,Jay,1968.25
2025-02,Jay,5425.0
2025-02,Gavin,2226.0
2025-02,Rob,3575.0
2025-02,Kris,3375.0
2025-02,CHC,700.0
2025-02,Jay,8695.0
2025-02,Niall,2215.0
2025-02,Steve,3989.0
2025-02,Steve,2064.0
2025-02,Niall,2365.0
2025-02,Kelly,1091.5
2025-02,Kris,300.0
2025-02,SamC,3370.0
2025-02,Jay,3370.0
2025-02,Gavin,2987.0
2025-02,Kris,1485.0
2025-02,Shane,10812.0
2025-02,SamC,4530.0
2025-02,Kelly,1074.0
2025-02,Steve,7373.0
2025-02,Traie,1433.2
2025-02,CHC,600.0
2025-02,Kris,2245.0
2025-02,Jay,1973.5
2025-02,Kris,1703.34
2025-02,Rob,3370.0
2025-02,CHC,500.0
2025-02,Jay,3915.0
2025-02,Jay,4016.5
2025-02,Rob,1185.0
2025-02,CHC,776.25
2025-02,Office,1660.0
2025-02,Gavin,2095.0
2025-02,Merv,1926.9
2025-02,Louis,20877.36
2025-02,Lucy,1125.0
2025-02,Lucy,5786.0
2025-02,Lucy,1462.1
2025-02,Shane,1204.0
2025-02,Jay,1230.0
2025-02,Steve,4580.0
2025-02,Steve,1230.0
2025-02,Kris,1160.0
2025-02,Kelly,1204.0
2025-02,Rob,4650.0
2025-02,Jay,5375.0
2025-02,Shane,4560.0
2025-02,Traie,5810.0
2025-02,Jay,2270.0
2025-02,Steve,2052.0
2025-02,Shane,4109.0
2025-02,CHC,590.0
2025-03,Gavin,2014.0
2025-03,CHC,630.0
2025-03,Louis,2606.0
2025-03,Kelly,3233.0
2025-03,Jay,2190.0
2025-03,Kelly,2370.0
2025-03,Gavin,1185.0
2025-03,Niall,3199.5
2025-03,Jay,1335.0
2025-03,Steve,4644.0
2025-03,Shane,4630.0
2025-03,Shane,3930.0
2025-03,Katrine,2140.0
2025-03,Kelly,1319.75
2025-03,Rob,2160.5
2025-03,Traie,3125.0
2025-03,Kelly,1110.0
2025-03,Rob,1230.0
2025-03,SamC,4071.5
2025-03,Traie,2145.0
2025-03,Jay,2495.0
2025-03,Steve,4302.0
2025-03,Jay,0.0
2025-03,Kris,2423.5
2025-03,Katrine,5310.0
2025-03,Jay,4485.0
2025-03,Traie,1485.0
2025-03,Lucy,3610.0
2025-03,CHC,600.0
2025-03,Kris,8900.0
2025-03,Niall,4671.0
2025-03,Rob,1110.0
2025-03,Kris,1310.0
2025-03,Kris,2090.0
2025-03,Shane,1230.0
2025-03,Kelly,3071.0
2025-03,Niall,2620.0
2025-03,Steve,2014.0
2025-03,Shane,4515.0
2025-03,Steve,4180.0
2025-03,Traie,1360.0
2025-03,Jay,3325.0
2025-03,Steve,7852.0
2025-03,Shane,4462.0
2025-03,Kelly,3405.0
2025-03,Office,450.0
2025-03,Kelly,1132.0
2025-03,Niall,4290.0
2025-03,Steve,1024.0
2025-03,Rob,1230.0
2025-03,Kelly,10750.0
2025-03,Gavin,5025.5
2025-03,Niall,3293.0
2025-03,Shane,2114.0
2025-03,Shane,3210.0
2025-03,Rob,2440.0
2025-03,Steve,3844.0
2025-03,SamC,4265.0
2025-03,Office,2061.67
2025-03,CHC,675.0
2025-03,CHC,630.0
2025-03,Rob,3140.0
2025-03,Steve,2310.0
2025-03,SamC,7531.0
2025-03,Rob,1230.0
2025-03,SamC,2210.0
2025-03,Kelly,3829.5
2025-03,SamC,1933.0
2025-03,CHC,678.5
2025-03,CHC,678.5
2025-03,Steve,2295.0
2025-03,Rob,1230.0
2025-03,Shane,3725.0
2025-03,Office,2315.0
2025-03,SamC,3876.0
2025-03,SamC,6500.0
2025-03,CHC,630.0
2025-03,Kris,1933.0
2025-03,Steve,2944.5
2025-03,Rob,2014.0
2025-03,Gavin,6726.0
2025-03,Steve,3612.0
2025-03,Steve,3375.0
2025-04,Kelly,3832.0
2025-04,SamC,1204.0
2025-04,Office,2560.5
2025-04,Kelly,1539.0
2025-04,Rob,3558.0
2025-04,Kelly,3652.0
2025-04,Kelly,2495.5
2025-04,Steve,4879.0
2025-04,Steve,3258.0
2025-04,Niall,2170.0
2025-04,Steve,2136.0
2025-04,Office,4419.0
2025-04,Kris,4970.5
2025-04,Merv,3525.9
2025-04,Kelly,1132.0
2025-04,Niall,3888.75
2025-04,Kelly,1203.0
2025-04,Steve,4416.5
2025-04,Gavin,1294.0
2025-04,Steve,3080.0
2025-04,Jay,2033.0
2025-04,Rob,7096.5
2025-04,Shane,2755.0
2025-04,SamC,2747.0
2025-04,Jay,5234.0
2025-04,Steve,7208.0
2025-04,Shane,5937.5
2025-04,Kelly,3092.0
2025-04,Rob,3137.0
2025-04,Gavin,5609.5
2025-04,Merv,1443.6
2025-04,Lucy,9267.0
2025-04,Lucy,4703.6
2025-04,Kris,2862.5
2025-04,Rob,2014.0
2025-04,Niall,3986.0
2025-04,Shane,2136.0
2025-04,Rob,2140.0
2025-04,Kris,2010.5
2025-04,Gavin,8191.0
2025-04,Steve,1254.0
2025-04,Kelly,3402.0
2025-04,Steve,3639.0
2025-04,Rob,1091.5
2025-04,Rob,2221.0
2025-04,Rob,4290.4
2025-04,Kelly,5029.0
2025-04,Rob,1010.0
2025-04,Niall,5094.0
2025-04,Shane,1798.0
2025-04,Niall,1014.5
2025-04,SamC,2365.0
2025-04,Steve,2630.0
2025-04,SamC,3542.0
2025-04,Jay,2023.0
2025-04,Jay,2730.0
2025-04,Gavin,2933.0
2025-04,Niall,3961.0
2025-04,Kris,2925.0
2025-04,Shane,4584.0
2025-04,Jay,5048.0
2025-04,Kelly,7454.0
2025-04,Kris,2960.0
2025-04,Gavin,1746.0
2025-04,SamC,6422.0
2025-04,Shane,10226.0
2025-04,Niall,8317.5
2025-04,Gavin,4400.0
2025-04,SamC,4540.0
2025-04,Niall,3535.0
2025-04,Gavin,3418.0
2025-04,SamC,2730.0
2025-04,Kris,2847.5
2025-04,Kris,3709.75
2025-04,Niall,6106.0
2025-04,Gavin,1034.0
2025-04,Shane,2916.0
2025-04,Shane,1178.0
2025-04,Office,1826.0
2025-04,Jay,3650.0
2025-04,Gavin,9194.5
2025-04,Rob,1846.0
2025-04,Kelly,1746.0
2025-04,Jay,4776.0
2025-04,Kelly,1034.0
2025-04,Steve,2888.0
2025-04,Jay,4692.0
2025-04,Lucy,8859.0
2025-04,Louis,1308.0
2025-04,Steve,3255.0
2025-04,Niall,3158.0
2025-04,Gavin,5530.0
2025-04,Kris,1946.0
2025-04,Shane,4562.0
2025-04,Kelly,1173.0
2025-04,Steve,3590.0
2025-04,Kelly,6392.0
2025-04,Shane,2820.0
2025-04,Kelly,3210.0
2025-04,Shane,5058.0
2025-04,Steve,4546.0
2025-04,SamC,6330.0
2025-04,Jay,2026.0
2025-04,Chris,2236.0
2025-04,Rob,3650.0
2025-04,Office,3844.0
2025-04,SamC,6957.0
2025-04,Office,4764.0
2025-04,Kris,5142.0
2025-04,SamC,2276.0
2025-04,Jay,3694.0
2025-04,Rob,1034.0
2025-04,Gavin,6762.0
2025-04,Kelly,5070.0
2025-04,Jay,4350.0
2025-04,Kelly,8244.0
2025-04,Gavin,2051.0
2025-04,Rob,6113.0
2025-04,Rob,8230.0
2025-04,Gavin,1123.0
2025-04,CHC,700.0
2025-04,Niall,1091.5
2025-04,Gavin,5346.0
2025-04,CHC,725.0
2025-04,Gavin,3092.0
2025-04,Kris,1877.75
2025-04,Office,6122.0
2025-04,CHC,1200.0
2025-04,Jay,2925.0
2025-04,Gavin,3478.5
2025-04,SamC,1230.0
2025-04,Gavin,3894.0
2025-04,CHC,550.0
2025-04,Niall,3205.0
2025-04,Jay,5892.0
2025-04,Kris,1148.0
2025-04,Shane,2805.0
2025-05,Steve,1360.0
2025-05,Georgia,2090.0
2025-05,Niall,3892.0
2025-05,Rob,5098.0
2025-05,SamC,2165.0
2025-05,Steve,2023.5
2025-05,Shane,4798.0
2025-05,Steve,3718.0
2025-05,Steve,2014.0
2025-05,Niall,1278.0
2025-05,Kelly,5495.0
2025-05,Kris,3049.0
2025-05,Kelly,3315.0
2025-05,Steve,2290.0
2025-05,Niall,4440.0
2025-05,SamC,6560.0
2025-05,Shane,2615.0
2025-05,Rob,2170.5
2025-05,Kelly,3834.0
2025-05,Steve,1228.0
2025-05,Kelly,1132.0
2025-05,Niall,5815.0
2025-05,Steve,6405.0
2025-05,Gavin,1906.0
2025-05,Rob,1230.0
2025-05,Chris,2663.96
2025-05,Louis,3394.37
2025-05,Kris,2990.0
2025-05,SamC,7090.0
2025-05,Rob,10540.0
2025-05,Kelly,1294.0
2025-05,Gavin,3305.0
2025-05,Steve,1034.0
2025-05,Kelly,9225.0
2025-05,Steve,2158.0
2025-05,SamC,5720.0
2025-05,Jay,4390.0
2025-05,Kris,4128.5
2025-05,Kelly,5712.5
2025-05,Kelly,2630.0
2025-05,Kris,1360.0
2025-05,Rob,1132.0
2025-05,Rob,2226.0
2025-05,Georgia,6202.0
2025-05,Niall,1146.5
2025-05,SamC,2370.0
2025-05,Gavin,6025.0
2025-05,Steve,2852.5
2025-05,Rob,6248.5
2025-05,Kelly,1882.0
2025-05,Steve,3137.0
2025-06,Libbi,1520.0
2025-06,Merv,14018.7
2025-06,Kris,9638.0
2025-06,CHC,504.17
2025-06,Shane,10347.5
2025-06,Office,1124.0
2025-06,Gavin,2949.5
2025-06,Kelly,1132.0
2025-06,Georgia,0.0
2025-06,Gavin,3250.0
2025-06,Kris,3514.0
2025-06,Shane,3137.0
2025-06,Shane,5185.0
2025-06,Kris,3766.25
2025-06,Kris,2915.0
2025-06,Lucy,9115.0
2025-06,Gavin,3027.5
2025-06,Chris,2265.0
2025-06,Niall,5185.5
2025-06,SamC,3550.0
2025-06,Kelly,2285.0
2025-06,CHC,550.0
2025-06,SamC,3280.0
2025-06,Rob,2165.0
2025-06,Kris,2915.0
2025-06,Office,5818.33
2025-06,Kelly,8817.75
2025-06,Steve,5078.5
2025-06,Kris,2453.0
2025-06,Georgia,5226.0
2025-06,CHC,664.58
2025-06,Jay,4142.0
2025-06,Kelly,5941.77
2025-06,CHC,618.75
2025-06,Rob,2260.0
2025-06,Jay,11095.0
2025-06,Shane,5783.5
2025-06,Niall,5690.0
2025-06,SamC,1310.0
2025-06,SamC,3255.0
2025-06,Jay,6310.0
2025-06,Gavin,5577.5
2025-06,SamC,7680.0
2025-06,Rob,3099.5
2025-06,Jay,1235.0
2025-06,Gavin,2870.0
2025-06,Georgia,5382.0
2025-06,Gavin,8492.0
2025-06,Jay,3924.0
2025-06,SamC,3993.5
2025-06,Georgia,1826.0
2025-06,Lucy,20088.86
2025-06,Jay,1762.0
2025-06,Steve,1110.0
2025-06,Gavin,2646.0
2025-06,Shane,1782.0
2025-06,Gavin,2051.0
2025-06,Niall,7995.0
2025-06,Kelly,2021.0
2025-06,Rob,7360.0
2025-06,Rob,1335.0
2025-06,SamC,2922.5
2025-06,Chris,6327.0
2025-06,Gavin,28318.0
2025-06,Kelly,1782.0
2025-06,Kelly,3211.93
2025-06,Olivia,15091.8
2025-06,Gavin,2955.5
2025-06,Steve,3014.5
2025-06,Gavin,4430.0
2025-06,SamC,2106.0
2025-06,Niall,1660.0
2025-06,Gavin,1846.0
2025-06,Georgia,998.0
2025-06,CHC,1062.5
2025-06,Shane,1818.0
2025-06,Libbi,1739.0
2025-06,Georgia,901.67
2025-06,Gavin,4270.0
2025-06,Shane,4598.0
2025-06,Georgia,1034.0
2025-06,Merv,9640.0
2025-06,Gavin,5892.5
2025-06,Shane,1034.0
2025-06,Kelly,978.0
2025-06,Steve,3004.0
2025-06,Chris,2014.0
2025-06,Georgia,6753.0
2025-07,Jay,3618.0
2025-07,Jay,1123.0
2025-07,Chris,3578.0
2025-07,Jay,1982.0
2025-07,Shane,2720.0
2025-07,CHC,550.0
2025-07,Office,5370.0
2025-07,Rob,1918.0
2025-07,Gavin,5073.0
2025-07,Kris,8493.0
2025-07,Gavin,3394.0
2025-07,Commercial,1996.0
2025-07,Shane,4567.0
2025-07,Shane,3904.0
2025-07,Jay,2906.0
2025-07,Kris,2570.0
2025-07,Jay,1782.0
2025-07,Lucy,1462.1
2025-07,Rob,1746.0
2025-07,Kris,2734.0
2025-07,Kelly,3500.0
2025-07,Office,1602.0
2025-07,Rob,2702.0
2025-07,Jay,3822.0
2025-07,Kris,6005.83
2025-07,CHC,621.95
2025-07,Niall,2026.0
2025-07,SamC,3425.0
2025-07,Niall,2894.0
2025-07,Kelly,3547.0
2025-07,Kris,3802.0
2025-07,Chris,2210.0
2025-07,Kelly,1995.6
2025-07,Gavin,2996.0
2025-07,Niall,3518.0
2025-07,Georgia,2850.0
2025-07,SamC,1340.0
2025-07,Georgia,985.0
2025-07,Niall,1976.0
2025-07,Rob,3780.0
2025-07,Rob,4540.0
2025-07,Niall,3314.0
2025-07,Rob,2566.0
2025-07,Kelly,1034.0
2025-07,Chris,2006.0
2025-07,Shane,1034.0
2025-07,SamC,1818.0
2025-07,Georgia,4614.0
2025-07,Kelly,2694.0
2025-07,Chris,2570.0
2025-07,Gavin,7176.0
2025-07,Gavin,1946.0
2025-07,Jay,5364.0
2025-07,Shane,2734.0
2025-07,Jay,6397.0
2025-07,Jay,2920.0
2025-07,Georgia,2700.0
2025-07,Kris,4350.0
2025-07,CHC,540.83
2025-07,CHC,621.95
2025-07,Rob,3450.0
2025-07,SamC,2285.0
2025-07,Chris,1198.0
2025-07,Kris,2006.0
2025-07,Kris,3634.0
2025-07,Chris,2026.0
2025-07,Chris,4890.0
2025-07,Rob,6298.0
2025-07,Niall,1907.0
2025-07,Shane,4956.0
2025-07,CHC,577.5
2025-07,SamC,912.0
2025-07,Shane,2844.0
2025-07,SamC,2456.0
2025-07,Rob,1882.0
2025-07,SamC,3554.0
2025-07,Georgia,4250.0
2025-07,Kris,6574.0
2025-07,Georgia,1882.0
2025-07,Kelly,6546.25
2025-07,Jay,2830.0
2025-07,Kris,2311.2
2025-07,Gavin,2835.0
2025-07,Gavin,2072.0
2025-07,Lucy,2111.0
2025-07,Libbi,5432.0
2025-07,Georgia,4050.0
2025-07,Jay,3044.0
2025-07,Kris,1797.0
2025-07,Jay,4516.0
2025-07,Rob,4698.0
2025-07,Kelly,1034.0
2025-07,SamC,2845.0
2025-07,Jay,1023.0
2025-07,Rob,2222.0
2025-07,SamC,1832.0
2025-07,Kelly,4108.75
2025-07,Niall,4431.0
2025-07,Rob,1818.0
2025-07,Kris,3422.0
2025-07,Chris,2046.0
2025-07,Jay,1059.0
2025-07,Niall,2744.0
2025-07,Reilly,1237.5
2025-07,Shane,2796.0
2025-07,Shane,9495.0
2025-07,Niall,3532.0
2025-07,Chris,3512.0
2025-07,Shane,1048.0
2025-07,Kris,5498.0
2025-07,Jay,3050.0
2025-07,Jay,5474.0
2025-07,Niall,4113.0
2025-07,SamC,1048.0
2025-07,Shane,1034.0
2025-07,Lucy,3376.2
2025-07,Lucy,11777.75
2025-07,Kelly,2674.0
2026-01,Shane,4062.0
2026-01,Rob,3356.0
2026-01,CHC,800.0
2026-01,SamC,8000.0
2026-01,Kelly,7950.6
2026-01,Kyle,5556.0
2026-01,Jay,2000.0
2026-01,Sachin,2308.4
2026-01,Shane,7166.0
2026-01,Shane,4531.2
2026-01,Niall,3086.0
2026-01,Shane,6735.2
2026-01,CHC,646.35
2026-01,Chris,8379.8
2026-01,Lucy,1006.67
2026-01,Office,1044.0
2026-01,Kyle,3258.8
2026-01,Niall,4016.4
2026-01,SamC,4183.6
2026-01,Chris,4087.6
2026-01,Rob,5476.0
2026-01,Niall,1147.6
2026-01,Rob,7804.6
2026-01,Rob,2309.2
2026-01,Kyle,1150.6
2026-01,Shane,5177.2
2026-01,Office,1686.0
2026-01,Chris,2188.5
2026-01,Jay,4239.6
2026-01,Rob,2315.2
2026-01,Kelly,2516.8
2026-01,Kris,4484.4
2026-01,Jay,3140.0
2026-01,Kelly,5200.0
2026-01,Kris,3489.0
2026-01,Kelly,3200.0
2026-01,Chris,5837.7
2026-01,Kelly,1340.8
2026-01,Jay,3354.2
2026-01,Rob,1190.8
2026-01,CHC,726.28
2026-01,Kris,1034.0
2026-01,Office,290.0
2026-01,CHC,550.0
2026-01,Rob,3236.6
2026-01,Kris,2064.4
2026-01,Rob,2708.4
2026-01,Kelly,3994.2
2026-01,Niall,5080.8
2026-01,Rob,3729.2
2026-01,Refund (KN),0.0
2026-01,Kelly,1190.8
2026-01,Office,652.48
2026-01,Chris,6561.0
2026-01,Kelly,1282.8
2026-01,CHC,633.33
2026-01,CHC,811.57
2026-01,SamC,8009.0
2026-01,Jay,1572.6
2026-01,REFUND SK,0.0
2026-01,Rob,3826.6
2026-01,Jay,1426.0
2026-01,Niall,1622.0
2026-01,Commercial,1290.0
2026-01,Kelly,1292.33
2026-01,CHC,480.0
2026-01,Lucy,1244.0
2026-01,Lucy,7864.78
2026-01,Jay,1292.6
2026-01,Indi,852.5
2026-01,Rob,930.0
2026-01,Sachin,3956.0
2026-01,Shane,4500.0
2026-01,Sachin,4184.0
2026-01,Shane,2404.4
2026-01,Office,470.0
2026-01,Sachin,1466.0
2026-01,Commercial,714.7
2026-01,CHC,550.0
2026-01,Niall,1244.0
2026-01,Sachin,5022.0
2026-01,Kris,1160.0
2026-01,Sachin,1423.4
2026-01,SamC,1806.0
2026-01,Chris,4340.0
2026-01,Kris,5105.2
2026-01,Kelly,2435.2
2026-01,Sachin,1123.6
2026-01,Kris,1148.0
2026-01,Niall,1048.0
2026-01,Chris,2235.2
2026-01,SamC,1230.8
2026-01,Chris,3006.0
2026-01,Shane,3674.4
2026-01,Rob,6601.0
2026-01,Kelly,3687.39
2026-01,Rob,3578.0
2026-01,Chris,6157.6
2026-01,Rob,1069.75
2026-01,Shane,6912.0
2026-01,Kris,2500.0
2026-01,Kyle,2238.0
2026-01,Shane,4046.4
2026-01,SamC,4635.0
2026-01,Shane,7018.8
2026-01,Niall,2848.0
2026-01,Ambivo,1522.0
2026-01,CHC,641.67
2026-01,Shane,3604.4
2026-01,Kelly,1342.6
2026-01,Lucy,1611.9
2026-01,Olivia,1473.9
2026-01,Kelly,1522.0
2026-01,Sachin,4519.2
2026-01,Kris,1440.8
2026-01,Rob,1267.6
2026-01,Ambivo,1176.0
2026-01,SamC,4016.0
2026-01,Lucy,6234.23
2026-01,Lucy,2715.17
2026-01,Olivia,2773.0
2026-01,Ambivo,1597.0
2026-01,Rob,1334.8
2026-01,Chris,4083.6
2026-01,CHC,897.5
2026-01,Kelly,8806.0
2026-01,Kris,2131.6
2026-01,Rob,2829.0
2026-01,Kyle,1265.8
2026-01,Olivia,607.17
2026-01,Office,1007.0
2026-01,Niall,5990.0
2026-01,Office,4616.6
2026-02,Chris,1529.8
2026-02,Shane,3748.0
2026-02,Kris,2995.5
2026-02,Merv,1214.0
2026-02,Kelly,1394.8
2026-02,Rob,1123.0
2026-02,Merv,1265.0
2026-02,Merv,2414.0
2026-02,Ambivo,2698.0
2026-02,SamC,4016.0
2026-02,Shane,1383.4
2026-02,Leavers,2743.0
2026-02,Leavers,3728.4
2026-02,Leavers,2073.8
2026-02,Leavers,1267.4
2026-02,Kelly,1097.6
2026-02,Sachin,1022.0
2026-02,Niall,6671.0
2026-02,Chris,6909.0
2026-02,Leavers,5218.0
2026-02,Ambivo,5420.0
2026-02,Shane,1147.6
2026-02,Chris,3123.8
2026-02,Niall,2582.5
2026-02,Shane,5328.4
2026-02,Kelly,1419.8
2026-02,Shane,5328.4
2026-02,Shane,2318.2
2026-02,Kris,3551.0
2026-02,Chris,3192.0
2026-02,SamC,2494.0
2026-02,Leavers,2238.6
2026-02,Chris,3140.0
2026-02,Merv,4516.9
2026-02,Kris,4457.7
2026-02,Leavers,2238.4
2026-02,Rob,1547.0
2026-02,Kris,7106.0
2026-02,Shane,2237.2
2026-02,Lucy,4322.5
2026-02,Kelly,1909.26
2026-02,SamC,2902.0
2026-02,Kris,1147.6
2026-02,Ambivo,3003.0
2026-02,Chris,3563.0
2026-02,Ambivo,2698.0
2026-02,Shane,2269.6
2026-02,Rob,1190.8
2026-02,Ambivo,2694.0
2026-02,Rob,5538.0
2026-02,Lucy,1260.17
2026-02,Rob,5863.6
2026-02,Shane,1920.8
2026-02,Sachin,1140.8
2026-02,CHC,668.25
2026-02,Shane,5070.0
2026-02,CHC,649.0
2026-02,Kelly,3887.0
2026-02,SamC,1204.0
2026-02,CHC,600.0
2026-02,Sachin,6332.8
2026-02,Niall,5557.8
2026-02,Office,974.0
2026-02,Niall,3650.0
2026-02,Olivia,2383.67
2026-02,Kelly,1249.6
2026-02,Leavers,6060.8
2026-02,Ambivo,2794.0
2026-02,Lucy,1956.3
2026-02,Sachin,4659.12
2026-02,Niall,7240.0
2026-02,Rob,4886.4
2026-02,Rob,1419.8
2026-02,Leavers,4882.0
2026-02,Kelly,3166.0
2026-02,Lucy,4469.68
2026-02,Sachin,2899.6
2026-02,Rob,1259.8
2026-02,Indi,2556.0
2026-02,Kelly,1308.4
2026-02,SamC,1372.0
2026-02,Chris,3791.0
2026-02,Rob,8228.0
2026-02,Ambivo,1477.8
2026-02,Niall,5851.0
2026-02,Ambivo,4379.0
2026-02,Ambivo,1329.0
2026-02,SamC,1190.8
2026-02,Niall,2189.25
2026-02,Kris,3090.8
2026-02,Shane,3692.0
2026-02,SamC,998.0
2026-02,Kelly,2631.2
2026-02,Shane,7963.4
2026-02,Niall,4416.0
2026-02,CHC,872.95
2026-02,Kelly,5102.8
2026-02,Niall,2000.0
2026-02,CHC,850.0
2026-02,Ambivo,1552.0
2026-02,Rob,1310.0
2026-02,Sachin,4629.0
2026-02,Leavers,1390.4
2026-02,Shane,3096.0
2026-02,SamC,1840.0
2026-02,Sachin,2237.2
2026-02,Rob,1394.8
2026-02,Kelly,3545.6
2026-02,Leavers,6278.0
2026-02,Ambivo,4091.0
2026-02,Rob,2086.0
2026-02,Kelly,3185.6
2026-02,Kelly,5539.6
2026-03,Kelly,2952.0
2026-03,Kris,5992.4
2026-03,Kris,8347.0
2026-03,Sachin,1662.0
2026-03,Rob,1383.4
2026-03,SamC,2704.0
2026-03,Ambivo,3794.0
2026-03,Rob,1424.8
2026-03,Indi,3188.0
2026-03,Niall,6334.0
2026-03,Ambivo,8488.0
2026-03,Rob,4070.0
2026-03,Ambivo,2560.03
2026-03,Sachin,6561.0
2026-03,Niall,2698.0
2026-03,Kris,2403.3
2026-03,Office,1217.6
2026-03,Office,960.4
2026-03,Indi,3432.0
2026-03,SamC,3866.0
2026-03,Niall,2668.0
2026-03,Samantha,1394.8
2026-03,Kris,1408.0
2026-03,Refund (SD),0.0
2026-03,Rob,4039.4
2026-03,SamC,2627.2
2026-03,Chris,1597.0
2026-03,Kris,2964.0
2026-03,Office,360.0
2026-03,Clive,3381.5
2026-03,Olivia,1749.3
2026-03,Olivia,1911.6
2026-03,Kris,2536.9
2026-03,Kris,3487.1
2026-03,Ambivo,2084.6
2026-03,Kelly,2318.2
2026-03,Ambivo,3568.4
2026-03,Clive,1432.0
2026-03,Kelly,2453.2
2026-03,Ambivo,3516.0
2026-03,SamC,5840.0
2026-03,Niall,7766.0
2026-03,SamC,8960.8
2026-03,Office,1951.0
2026-03,Ambivo,4885.87
2026-03,Office,1973.5
2026-03,Rob,5744.8
2026-03,CHC,797.91
2026-03,Rob,6128.6
2026-03,Kelly,3218.65
2026-03,Rob,6854.6
2026-03,SamC,1420.0
2026-03,Ambivo,1275.0
2026-03,Sachin,2998.0
2026-03,Samantha,2249.2
2026-03,CHC,635.83
2026-03,Ambivo,2712.0
2026-03,Chris,6051.6
2026-03,Office,3787.6
2026-03,Kelly,1502.8
2026-03,Niall,2974.0
2026-03,CHC,577.5
2026-03,Lucy,1332.0
2026-03,Sachin,350.0
2026-03,Sachin,7954.0
2026-03,SamC,2578.0
2026-03,Niall,6334.0
2026-03,Shane,1430.13
2026-03,Ambivo,4235.8
2026-03,Kelly,1672.0
2026-03,Rob,1383.4
2026-03,Rob,1540.0
2026-03,Rob,1496.0
2026-03,Office,406.0
2026-03,Sachin,8623.8
2026-03,Ambivo,3007.3
2026-03,Kelly,1502.8
2026-03,Chris,4340.0
2026-03,Office,506.67
2026-03,Shane,0.0
2026-03,Kelly,5061.5
2026-03,Kelly,8281.0
2026-03,Kris,4055.0
2026-03,SamC,1502.8
2026-03,Clive,1265.8
2026-03,Rob,1568.34
2026-03,CHC,1118.33
2026-03,Office,5061.5
2026-03,Kelly,2387.2
2026-03,Kris,5964.6
2026-03,Office,2960.8
2026-03,Office,1463.6
2026-03,Niall,3744.93
2026-03,Kelly,2108.4
2026-03,Rob,1190.8
2026-03,Niall,2979.0
2026-03,Samantha,1607.8
2026-03,Ambivo,1260.0
2026-03,Kelly,3402.05
2026-03,CHC,908.33
2026-03,Kris,3939.6
2026-03,Chris,1973.5
2026-03,Kris,1782.0
2026-03,Office,3197.8
2026-03,Kris,4692.3
2026-03,Kelly,2165.0
2026-03,Chris,3320.0
2026-03,Office,1876.0
2026-03,Kris,2723.0
2026-03,Lucy,4714.68
2026-03,SamC,2616.0
2026-03,Rob,5000.0
2026-03,Office,3773.8
2026-03,Ambivo,3016.0
2026-03,Niall,5097.2
2026-03,Chris,2554.6
2026-03,Rob,2001.2
2026-03,SamC,5713.33
2026-03,Sachin,3306.7
2026-03,Ambivo,3477.0
2026-03,Rob,1259.8
2026-04,SamC,2651.0
2026-04,ChrisM,2644.0
2026-04,Ambivo,4859.6
2026-04,Niall,3043.4
2026-04,Kelly,5499.25
2026-04,Ambivo,8697.8
2026-04,Rob,4088.4
2026-04,Niall,4381.0
2026-04,SamC,3212.0
2026-04,Rob,2158.0
2026-04,ChrisM,1190.8
2026-04,Rob,1267.6
2026-04,Rob,1217.6
2026-04,Ambivo,3105.2
2026-04,CHC,1190.83
2026-04,Ambivo,9375.6
2026-04,ChrisM,4210.6
2026-04,Niall,4612.0
2026-04,ChrisM,1499.4
2026-04,Kelly,3392.17
2026-04,Office,8490.5
2026-04,SamC,2045.5
2026-04,Sachin,3086.0
2026-04,Merv,1458.6
2026-04,Niall,2316.0
2026-04,Kelly,2551.2
2026-04,SamC,2000.0
2026-04,CHC,641.67
2026-04,CHC,1054.17
2026-04,SamC,2164.0
2026-04,Kelly,2141.2
2026-04,Samuel,1084.0
2026-04,ChrisM,2208.4
2026-04,Samantha,3169.6
2026-04,Rob,1267.6
2026-04,Sachin,1363.6
2026-04,Paul,1190.8
2026-04,Samantha,1367.0
2026-04,Rob,2602.0
2026-04,Office,1148.2
2026-04,Office,909.0
2026-04,SamC,1406.2
2026-04,Samantha,4647.0
2026-04,ChrisM,17069.0
2026-04,Ambivo,4246.8
2026-04,Kelly,1388.6
2026-04,Kris,2708.4
2026-04,Rob,1393.6
2026-04,Samuel,0.0
2026-04,Niall,2426.0
2026-04,Office,1846.0
2026-04,Kelly,5651.0
2026-04,ChrisM,2000.0
2026-04,Office,1721.0
2026-04,SamC,3584.4
2026-04,Office,2635.2
2026-04,Samantha,2760.2
2026-04,Office (Victoria),3551.8
2026-04,Kris,2131.6
2026-04,ChrisS,3627.0
2026-04,ChrisS,2315.2
2026-04,SamC,3740.0
2026-04,Paul,0.0
2026-04,Samantha,2314.0
2026-04,Kelly,8492.0
2026-04,Scott,500.0
2026-04,Scott,3920.0
2026-04,Kris,5186.4
2026-04,Commercial,2530.83
2026-04,Kelly,2435.2
2026-04,ChrisM,5100.4
2026-04,Rob,2158.4
2026-04,Office,1135.0
2026-04,SamC,2640.2
2026-04,Paul,7155.0
2026-04,Rob,5136.0
2026-04,Office,1234.0
2026-04,Niall,4198.33
2026-04,SamC,4300.0
2026-04,Rob,1147.6
2026-04,Ambivo,2088.4
2026-04,Kelly,8483.4
2026-04,Niall,2369.0
2026-04,Paul,5331.0
2026-04,Niall,3090.8
2026-04,Rob,1735.0
2026-04,SamC,5650.8
2026-04,Samantha,2560.6
2026-04,ChrisM,4516.0
2026-04,Samuel,9618.8
2026-04,Kelly,2021.21
2026-04,Scott,2525.2
2026-04,Niall,3726.0
2026-04,Samantha,2093.0
2026-04,Paul,2831.0
2026-04,Office,4452.0
2026-04,SamC,6395.0
2026-04,Samantha,3789.0
2026-04,Rob,4017.0
2026-04,Kris,4610.0
2026-04,Samantha,7070.0
2026-04,Samantha,2045.2
2026-04,Merv,18528.0
2026-04,Rob,2971.6
2026-04,Niall,6474.0
2026-04,Office,2000.0
2026-04,ChrisS,4404.6
2026-04,CHC,942.5
2026-04,Kelly,4290.0
2026-04,SamC,2318.0
2026-04,SamC,4438.2
2026-04,Lucy,1872.17
2026-04,Scott,5600.4
2026-04,SamC,1267.6
2026-04,ChrisM,6790.8
2026-04,Ambivo,2968.0
2026-04,Scott,1255.0
2026-04,ChrisM,5411.8
2026-04,Paul,1540.0
2026-04,Niall,1145.0
2026-04,Paul,8334.0
2026-04,SamC,2064.0
2026-04,Office,1157.0
2026-04,Rob,2799.0
2026-04,SamC,1250.0
2026-04,SamC,1073.0
2026-04,Office,200.0
2026-04,Office,2140.2
2026-04,Niall,1191.0
2026-04,SamC,2046.0
2026-04,ChrisS,2381.6
2026-04,Kelly,10772.8
2026-04,Scott,2254.0
2026-04,Niall,7009.2
2026-04,Kelly,4341.4
2026-04,Samuel,6508.4
2026-04,Paul,1565.0
2026-04,Niall,2191.4
2026-04,Paul,2000.0
2026-04,SamC,4304.0
2026-04,Kelly,5566.0
2026-04,Office,8267.5
2026-04,Samuel,6932.2
2026-04,Lucy,1995.38
2026-04,Rob,6405.2
2026-05,refund (ND),0.0
2026-05,Kris,2284.9
2026-05,ChrisS,5554.2
2026-05,Kelly,4071.0
2026-05,SamC,8367.0
2026-05,Scott,2597.5
2026-05,SamC,2304.4
2026-05,Kelly,1394.8
2026-05,Victoria,2165.2
2026-05,Kris,2431.2
2026-05,Niall,3266.5
2026-05,ChrisM,3962.0
2026-05,Niall,2614.0
2026-05,Kris,2411.9
2026-05,Indi,4400.0
2026-05,Scott,4383.4
2026-05,Kris,3239.0
2026-05,CHC,600.0
2026-05,SamC,4824.0
2026-05,Niall,3173.0
2026-05,Kris,2013.6
2026-05,Office,3305.0
2026-05,Samantha,2512.6
2026-05,Scott,3595.0
2026-05,Scott,2561.2
2026-05,ChrisM,8239.8
2026-05,SamC,1451.0
2026-05,Niall,2602.0
2026-05,Niall,2430.0
2026-05,Lucy,1563.25
2026-05,Samuel,4388.4
2026-05,Kris,4426.8
2026-05,Office,416.67
2026-05,Samantha,1259.8
2026-05,Kris,5055.4
2026-05,ChrisM,2528.2
2026-05,ChrisM,1431.2
2026-05,SamC,2539.0
2026-05,Kris,8554.0
2026-05,Samantha,6000.0
2026-05,Victoria,2500.0
2026-05,Victoria,3498.6
2026-05,Scott,4175.0
2026-05,Kelly,4953.8
2026-05,Kris,3230.0
2026-05,Samantha,2153.4
2026-05,ChrisM,5735.5
2026-05,Kelly,4125.0
2026-05,ChrisM,3172.4
2026-05,Kelly,1458.4
2026-05,Paul,3751.4
2026-05,ChrisM,2291.2
2026-05,ChrisS,3578.0
2026-05,Office,3712.5
2026-05,Paul,3002.0
2026-05,Rob,2075.0
2026-05,Samuel,3503.0
2026-05,Samantha,2501.2
2026-05,Niall,4900.0
2026-05,Office,960.0
2026-05,Ambivo,3806.0
2026-05,Samuel,2453.2
2026-05,Ambivo,2207.6
2026-05,Ambivo,1552.0
2026-05,Paul,5239.0
2026-05,Kris,2591.2
2026-05,Kris,1190.8
2026-05,Ambivo,5375.0
2026-05,Kelly,4151.1
2026-05,Samantha,1528.83
2026-05,Kris,7527.5
2026-05,Kris,1331.2
2026-06,Josh,1156.0
2026-06,Samantha,2870.4
2026-06,Samantha,4125.0
2026-06,Kris,3211.1
2026-06,Niall,2548.0
2026-06,Office,14414.6
2026-06,Kelly,4462.5
2026-06,Kelly,1394.8
2026-06,SamC,1359.0
2026-06,Niall,1469.8
2026-06,Samantha,2291.2
2026-06,ChrisM,4325.4
2026-06,SamC,3725.0
2026-06,Scott,4780.0
2026-06,ChrisM,2377.6
2026-06,Kelly,7028.58
2026-06,CHC,1620.0
2026-06,Kris,5826.1
2026-06,Samantha,4125.0
2026-06,Kris,3294.2
2026-06,Samantha,1155.52
2026-06,Scott,5670.0
2026-06,Niall,2238.2
2026-06,Kelly,5876.0
2026-06,Scott,3712.5
2026-06,Kelly,4462.5
2026-06,Samuel,4125.0
2026-06,Kelly,1313.79
2026-06,Office,4462.5
2026-06,Merv,1546.35
2026-06,ChrisS,3782.4
2026-06,Samantha,10493.2
2026-06,CHC,710.83
2026-06,Office,2100.0
2026-06,Samuel,4298.64
2026-06,Samantha,4063.36
2026-06,Paul,3381.0
2026-06,Samantha,4388.1
2026-06,Kelly,6348.32
2026-06,Kelly,6276.86
2026-06,CHC,1128.33
2026-06,SamC,2134.0
2026-06,Samantha,4462.5
2026-06,Samantha,1470.0
2026-06,Kelly,5317.0
2026-06,Niall,5246.0
2026-06,Scott,4050.0
2026-06,Samantha,4050.0
2026-06,Paul,3538.0
2026-06,SamC,1746.0
2026-06,Kris,2484.4
2026-06,Samuel,6636.14
2026-06,Samuel,3753.02
2026-06,Niall,1179.44
2026-06,Kris,3645.4
2026-06,Kelly,2061.04
2026-06,ChrisM,1454.44
2026-06,CHC,627.5
2026-06,Samantha,1005.0
2026-06,ChrisM,2500.0
2026-06,Scott,4050.0
2026-06,ChrisM,1878.4
2026-06,Samantha,3859.56
2026-06,Kelly,3999.24
2026-06,ChrisM,4000.0
2026-06,ChrisM,4083.2
2026-06,Office,1120.0
2026-06,SamC,3377.0
2026-06,Office,1035.4
2026-06,ChrisM,3687.0
2026-06,Kris,16134.4
2026-06,Scott,5872.17
2026-06,Samantha,913.94
2026-06,Kelly,5560.2
2026-06,Kelly,0.0
2026-06,Lucy,679.0
2026-06,Samantha,2369.46
2026-06,Paul,4052.0
2026-06,Lucy,612.0
2026-06,Samantha,979.44
2026-06,Paul,4000.0
2026-06,ChrisM,6119.18
2026-06,Merv,5660.86
2026-06,Lucy,37388.66
2026-06,Samuel,4913.18
2026-06,Kelly,13195.14
2026-06,Paul,4965.0
2026-06,SamC,4462.5
2026-06,Office,1105.52
2026-06,Samuel,3879.4
2026-06,SamC,2000.0
2026-06,Kelly,2070.28
2026-06,Niall,3878.04
2026-06,ChrisM,3502.82
2026-06,Scott,2398.0
2026-06,ChrisK,1130.32
2026-06,ChrisM,4062.0
2026-06,Samuel,1304.44
2026-06,Samuel,3185.3
2026-06,Samantha,1113.94
2026-06,Niall,3208.4
2026-06,CHC,985.32
2026-06,Paul,10225.0
2026-06,Kelly,4104.42
2026-06,Paul,13197.18
2026-07,ChrisM,4846.6
2026-07,Samuel,11069.1
2026-07,Kris,2914.1
2026-07,ChrisS,2000.0
2026-07,Niall,6106.0
2026-07,CHC,618.75
2026-07,ChrisM,3259.22
2026-07,SamC,3404.0
2026-07,ChrisK,1000.0
2026-07,Paul,4321.26
2026-07,Merv,679.0
2026-07,Paul,6480.0
2026-07,Samantha,2980.3
2026-07,Kris,1304.44
2026-07,CHC,600.0
2026-07,Office,4183.6
2026-07,CHC,1100.0
2026-07,Paul,7042.0
2026-07,Niall,8896.4
2026-07,Lucy,3550.77
2026-07,Kelly,5003.68
2026-07,ChrisM,4125.0
2026-07,SamC,5583.0
2026-07,Niall,1155.52
2026-07,SamC,3384.5
2026-07,Niall,2960.3
2026-07,ChrisK,2637.2
2026-07,SamC,6340.0
2026-07,Lucy,1051.0
2026-07,Paul,5000.0
2026-07,Scott,1123.0
2026-07,Kelly,8402.0
2026-07,ChrisK,6458.0
