email_domain,ch_city,ch_postcode
sowingseedstuition.co.uk,Bradford,BD10 8PY
virorum.com,Wakefield,WF17 8BU
stephengreaves.com,York,YO16 4LZ
leedsbeckett.ac.uk,Leeds,LS1 3HE
conraddavies.com,Leeds,LS14 3JT
jumparchitects.com,Sheffield,S10 5FH
5trades.uk,Wakefield,WF15 6EY
wilsonwelchwalker.co.uk,Halifax,HX3 7LH
crowston.co.uk,Sheffield,S1 2GU
northminster.co.uk,York,YO26 6QU
genprac.co.uk,Halifax,HX2 7TR
adventureresources.co.uk,Hull,HU5 5BA
oipleisure.co.uk,Wakefield,WF12 7SW
clayfox.co.uk,York,YO60 6QB
hullcc.gov.uk,Hull,HU8 0JE
wiltondevelopments.co.uk,Leeds,LS1 5QS
tmsdesignconsultants.com,Leeds,LS28 5QP
pdrconstruction.co.uk,Leeds,LS1 5HD
brentwoodgroup.co.uk,Leeds,LS2 7JF
trustelectricheating.co.uk73769319305469,Leeds,LS25 2JY
bronteproperties.co.uk,York,YO10 4UA
smannwholesalers.co.uk,Leeds,LS11 8LQ
igatkinson.co.uk,Leeds,LS28 6LF
millsideheating.co.uk,Huddersfield,HD9 6QZ
claritywealth.co.uk,Leeds,LS8 2LQ
sentinimarine.com,Huddersfield,HD1 6SD
trustelectricheating.co.uk73746149692611,Leeds,LS25 2JY
certified-compliance.co.uk,Huddersfield,HD1 4QD
jabsnett.com,Huddersfield,HD1 1RL
barneshomes.com,Bradford,BD17 7DQ
rittal.co.uk,Sheffield,S66 8QY
elisainteriors.com,Harrogate,HG1 1HS
337properties.co.uk,Hull,HU3 6UU
detech-europe.com,York,YO16 4LZ
abzorb.co.uk,Huddersfield,HD6 1QF
featureradiator.co.uk,Bradford,BD16 2HL
hfrsolutions.co.uk,Hull,HU4 7BB
grafttalent.co.uk,Leeds,LS19 6BP
aaiselby.co.uk,York,YO8 5JB
takeware.co.uk,Sheffield,S11 9FY
wf8.uk,Wakefield,WF8 1PE
edwardclay.co.uk,Wakefield,WF5 8EZ
ashadegreener.co.uk,Sheffield,S75 3DP
sbliving.co.uk,Leeds,LS6 3AW
paschali.co.uk,Leeds,LS15 8GB
westdaleservices.co.uk,Sheffield,S1 2JA
aviorahomes.com,Huddersfield,HD2 1QY
galleos.co.uk,Leeds,LS13 4DL
microbop.com,Sheffield,S72 8RP
edenbean.co.uk,Leeds,LS29 8AL
cravengarth.com,York,YO12 4DX
sleaths.com,Sheffield,S3 7RF
moonclimbing.com,Sheffield,S3 7AU
levantar.co.uk,York,YO31 7YB
marksesum.co.uk,Wakefield,WF2 8HX
timberlandmotorhomes.com,Doncaster,DN16 3RN
commercialpropertybrokers.co.ik,Leeds,LS9 7DR
kpat.co.uk,Huddersfield,HD1 2EW
alancooke.co.uk,Leeds,LS17 6PY
wshservices.co.uk,Leeds,LS19 7SP
highgrovebeds.co.uk,Wakefield,WF15 6QA
fairlinedesigns.co.uk,Wakefield,WF4 4SH
dinaproj-x.com,Huddersfield,HD1 4HZ
gammah.co.uk,Bradford,BD19 4PR
lydiamonks.com,Sheffield,S2 4DH
majesticsapphire.co.uk,Huddersfield,HD6 3RZ
seagrown.co.uk,York,YO13 0DB
grangeinterlink.com,Bradford,BD7 1PX
sawood.karoo.co.uk,Leeds,LS28 7EX
havenforthomes.co.uk,Leeds,LS23 7FY
dacres.co.uk,Leeds,LS29 9HS
plansec-properties.co.uk,Leeds,LS28 8JG
selectuniforms.co.uk,Leeds,LS13 3HE
ls2y.co.uk,Huddersfield,HD2 1HJ
adwelectricalsolutions.co.uk,Huddersfield,HD7 4AU
nichenosh.co.uk,York,YO7 3RB
broadbentconsulting.co.uk,Huddersfield,HD8 8DS
commfits.co.uk,Wakefield,WF2 8FJ
redelephanthr.co.uk,Leeds,LS28 5PW
trustelectricheating.co.uk1642623219,Leeds,LS25 2JY
yorkshire-radiators.com,Harrogate,HG2 8ER
everhaus.co.uk,York,YO16 4SJ
intakedev.com,Sheffield,S75 1JU
flythru.co.uk,Wakefield,WF2 7RE
johnrt.karoo.co.uk,York,YO30 4XG
magnusinnovations.co.uk,York,YO7 1PA
rocketmail.com,Bolton,BL7 9UF
consolux.com,Liverpool,L3 9AG
haltonhaven.co.uk,Warrington,WA7 6EP
brunsdens.co.uk,Manchester,M28 3AE
hollinsheadproperties.co.uk,Crewe,CW1 6ZQ
ecclestonhomes.co.uk,Warrington,WA3 6YF
ellisnoble.com,Blackpool,FY1 2AX
mapleplastics.co.uk,Stockport,SK10 1LJ
grangelanegarage.co.uk,Blackburn,BB5 2BU
bartonbuild.co.uk,Lancaster,LA9 4HE
cuprumelectrical.co.uk,Manchester,M18 7LP
northwesthomes.co.uk,Preston,PR1 2UT
chetwoodproperty.co.uk,Preston,PR3 5AR
cleng.co.uk,Chester,CH65 4TY
felicleen.com,Manchester,M40 0DJ
kiebaproperty.com,Chester,CH1 2DS
lwc-drinks.co.uk,Manchester,M24 1SW
itinfoservices.co.uk,Stockport,SK10 2BH
bagnalls.co.uk,Manchester,M35 9FG
avantigas.com,Chester,S43 3JT
capitalinegroup.co.uk,Manchester,M43 6PW
granart.co.uk,Stockport,SK23 9UF
jltouring.co.uk,Liverpool,L34 3LN
cheshirebrickandslate.co.uk,Chester,CH3 8NR
rossendalepennineadventure.co.uk,Oldham,OL13 0TF
silverpennies.co.uk,Carlisle,CA7 5AN
greentechrenewables.co.uk,Manchester,M24 1ZE
omnia-mep.co.uk,Liverpool,L21 6PH
units-to-let.co.uk,Warrington,WA4 2QL
amtrim.co.uk,Preston,PR4 0JD
jbtrucking.co.uk,Warrington,WA16 7SL
altfa.com,Bolton,BL0 0HH
lvtb.co.uk,Lancaster,LA5 8DN
crcnorth.com,Warrington,WA4 4NU
pristine-properties.co.uk,Manchester,M25 1HA
healthpodfrodsham.com,Warrington,WA6 7AR
glenluna.com,Manchester,M7 3WZ
energyinnovationagency.co.uk,Manchester,M1 5JW
mahoneycatering.co.uk,Oldham,OL16 4PW
leighplumbing.co.uk,Wigan,WN7 2DA
sthelens.ac.uk,Warrington,WA10 6RN
brownlowutilities.co.uk,Warrington,WA12 0JQ
hoylakeflooring.co.uk,Chester,CH47 4AZ
noneley.com,Liverpool,L40 0SQ
sjburgess.co.uk,Lancaster,LA11 6HL
deanconnorcoaching.com,Liverpool,L18 1DG
davidfordenterprises.co.uk,Warrington,WA6 6EH
furness.ac.uk,Lancaster,LA3 1PS
outrunsailing.co.uk,Lancaster,LA8 0DE
fairmills.co.uk,Crewe,CW12 4XJ
craketreesmanor.co.uk,Carlisle,CA10 3JG
kode8.com,Bolton,BL6 6HG
infinityapartments.co.uk,Preston,PR25 2YJ
rjmtiling.com,Liverpool,L19 1QG
ppspropertymanagement.com,Blackpool,FY1 2JS
bentleyconstruction.co.uk,Manchester,M40 9WB
manchester.ac.uk,Stockport,SK9 7EU
beechwoodconstruct.com,Warrington,WA4 6QP
thornleygroupholdings.co.uk,Stockport,SK9 3HP
hindmoor.com,Carlisle,CA15 7PX
leisureplex.co.uk,Preston,PR7 7NA
nccc.org.uk,Bolton,BL9 9LY
sustainablesmarttech.com,Wigan,WN8 9TW
lakelandarts.org.uk,Lancaster,LA9 5AL
lexiconkeys.com,Manchester,M18 7EE
laceyplumbing.co.uk,Bolton,BL0 0RE
edgeoftheworld.co.uk,Lancaster,LA6 2AN
didsburypark.com,Manchester,M20 5LH
davidsonpropertygroup.com,Preston,PR8 2BN
ninthquarter.co.uk,Manchester,M46 0FY
parksideprofessionals.com,Blackburn,BB5 0AE
i9000networks.com,Manchester,M33 2TR
